"71",
"71"," A"
"71"," Armstrong Roberts"
"71"," Atwood"
"71"," Balmer"
"71"," Bartlett"
"71"," Blankenship"
"71"," Collier-Morales"
"71"," Cortese"
"71"," Cox"
"71"," Curmer"
"71"," Davies"
"71"," De Pannemaeker"
"71"," Descubes"
"71"," Fenn"
"71"," Fitch"
"71"," Gifford"
"71"," Grieg"
"71"," Guerin"
"71"," Harry Eaton"
"71"," Hart"
"71"," Hearne"
"71"," Hill"
"71"," Hinshelwood"
"71"," Holland"
"71"," Hulsbergh"
"71"," Kemp-Welch"
"71"," Kleiner"
"71"," Knorr"
"71"," Lance"
"71"," Leitch"
"71"," Leuba"
"71"," Locke"
"71"," Lopez"
"71"," Maverick"
"71"," Meyer"
"71"," Miller"
"71"," Motte"
"71"," Neale"
"71"," Nicholson"
"71"," Nodder"
"71"," Osthaus"
"71"," Pfannmuller"
"71"," Picart"
"71"," Pope, Jr"
"71"," Pugin"
"71"," Rapkin"
"71"," Risso"
"71"," Rowlandson"
"71"," Sheffer"
"71"," Stewart"
"71"," Stiles"
"71"," Stramel"
"71"," Stroobant"
"71"," Thorburn"
"71"," Tracey"
"71"," Van Der Giessen"
"71"," Walters"
"71"," Warren"
"71"," Wellstood"
"71"," Wilkes"
"71"," Wilson"
"71","A"
"71","Aaron Summers"
"71","Abraham Munting"
"71","Achille Luciano Mauzan"
"71","Adelio Bonacina"
"71","Adriano Galasso"
"71","Aimee Davidson"
"71","Akrans"
"71","Alan Schein"
"71","Albertus Seba"
"71","Alex Edwards"
"71","Alexander Moore"
"71","Alexander Wilson"
"71","Alexandra Perry"
"71","Alfred Saerchinger"
"71","Alicia Ludwig"
"71","Ally Burke"
"71","Alma'Ch"
"71","Amedeo Modigliani"
"71","Amy Weaver"
"71","Andrea  Del Missier"
"71","Andrea Bassetti"
"71","Andrea Del Missier"
"71","Andrea Kahn"
"71","Andrea Trivelli"
"71","Andrea Villa"
"71","Andrea  Trivelli"
"71","Andres Gonzales"
"71","Andrew Cook George"
"71","Andrew Cooper"
"71","André Mazo"
"71","Andy James"
"71","Andy Neuwirth"
"71","Angela Perry"
"71","Anna Casey"
"71","Anna Martin"
"71","Anne Brochard"
"71","Anne Luneau"
"71","Anne Michaels"
"71","Anonymous"
"71","Anonymous 18Th C"
"71","Antonio Di Viccaro"
"71","Antonio Massa"
"71","Arena"
"71","Arlene Stevens"
"71","Arnaud Chicurel"
"71","Arthur L"
"71","Arthur Lucas"
"71","Ashley Cooper"
"71","Astorina"
"71","Astrid Inger"
"71","Audrey Cleret"
"71","B"
"71","Basilius Besler"
"71","Becky Davis"
"71","Benjamin Leader"
"71","Bennet"
"71","Berthe Hoola Van Nooten"
"71","Bertuch"
"71","Bessa"
"71","Beth Anne Creative"
"71","Beth Winslow"
"71","Betina Levin"
"71","Bill Rose"
"71","Birke"
"71","Bloch"
"71","Blondel"
"71","Bob Krist"
"71","Boekman"
"71","Bonnard"
"71","Brandon Glover"
"71","Brent Mc Rae"
"71","Brent Nelson"
"71","Brian Carter"
"71","Brian Francis"
"71","Bruce White"
"71","Bryan Carter"
"71","Bryan Peterson"
"71","Buck"
"71","C"
"71","Caldwell"
"71","Calwer"
"71","Cam Richards"
"71","Cameron Davidson"
"71","Cameron Rogers"
"71","Cameron Wilson"
"71","Captain N"
"71","Carl Frederic Aagaard"
"71","Carlos Antonini"
"71","Carlsruhe"
"71","Caroline Kelly"
"71","Cavalli"
"71","Ch"
"71","Chambers"
"71","Chariklia Zarris"
"71","Charles Dugasseau"
"71","Charles Giraud"
"71","Charles James Lewis"
"71","Charlie Carter"
"71","Chris Donovan"
"71","Chris Vest"
"71","Christian Guy"
"71","Christina Baker"
"71","Christina Long"
"71","Christine Zalewski"
"71","Cindy Mcintyre"
"71","Claude Lorrain"
"71","Claude Lorraine"
"71","Claude Monet"
"71","Claudia Raimondi"
"71","Colby Chester"
"71","Colin Floyd"
"71","Collins"
"71","Corneille Van Spaendonck"
"71","Costello"
"71","Craig Palmer"
"71","Cramer"
"71","Cristina Mavaracchio"
"71","Curtis"
"71","Curto"
"71","D"
"71","Da Carlo Antonini"
"71","Dahlberg"
"71","Dan Bennion"
"71","Dan Mcelleney"
"71","Dan Werner"
"71","Danchin"
"71","Danielle Harrington"
"71","Danny Head"
"71","Darren Davison"
"71","Dave Cutler"
"71","David Muench"
"71","David Parks"
"71","David Parrish"
"71","David Pedersen"
"71","David Stewart"
"71","De La Fosse"
"71","De Langlois"
"71","Deann Hebert"
"71","Deann Herbert"
"71","Deborah Bookman"
"71","Deborah Devellier"
"71","Decker"
"71","Deneufforge"
"71","Dennis Gray"
"71","Descube"
"71","Deshayes"
"71","Dezallier"
"71","Diane Harper"
"71","Diderot"
"71","Didier Berger"
"71","Dietrich"
"71","Donato Larotonda"
"71","Doug Pearson"
"71","Douglas Peebles"
"71","Du Roy"
"71","Duchampt"
"71","Dustin Chambers"
"71","Dylan Matthews"
"71","Dylan Wright"
"71","E"
"71","Edgard Degas"
"71","Edmonston & Douglas"
"71","Edoardo Rovere"
"71","Eduardo"
"71","Eduardo Moreau"
"71","Edvard Munch"
"71","Edwards"
"71","Elena Baker"
"71","Elena Galimberti"
"71","Elena Panizza"
"71","Elena Ray"
"71","Elisa Raimondi"
"71","Elissa Della-Piana"
"71","Elizabeth Twining"
"71","Elizabeth Wright"
"71","Ellie Roberts"
"71","Emanuele Brambilla"
"71","Emilio Ciccone"
"71","Emily Dunn"
"71","Emily Robinson"
"71","Engelmann"
"71","Enzo Facciolo"
"71","Eric Dahlberg"
"71","Erin Ashley"
"71","Erin Dertner"
"71","Erin Lange"
"71","Ernest Briggs"
"71","Ernest Montaut"
"71","Ernst Haeckel"
"71","Ernst Heyn"
"71","Ethan Harper"
"71","Etienne Bonnard"
"71","Eva Barberini"
"71","Evan J"
"71","Ezio Riccardi"
"71","F"
"71","Fabio Muzzi"
"71","Falda"
"71","Federico Landi"
"71","Federico Seneca"
"71","Ferdos Maleki"
"71","Ferrari"
"71","Frances  Bouchardeau"
"71","Francesco Hayez"
"71","Francis Brook"
"71","Franco Paludetti"
"71","Frank Lukasseck"
"71","Frank Mastro"
"71","Frank Ritter"
"71","Franklin Taylor"
"71","Fred Neukomm"
"71","Frederic Edwin Church"
"71","Frederic Leighton"
"71","Friedrich Specht"
"71","Fulvio Dot"
"71","G"
"71","Gaul"
"71","Gavin Hellier"
"71","George Bickham"
"71","George Edwards"
"71","George Wolfgang Knorr"
"71","Georges Massiot"
"71","Gerardo Mercatore"
"71","Gerolamo Acquarone"
"71","Giampaolo Amstici"
"71","Giardini"
"71","Ginny Joyner"
"71","Gino Boccasile"
"71","Giorgio Arnolfi"
"71","Giorgio Mariani"
"71","Giovanbattista Mannarini"
"71","Giovanni Borra"
"71","Giovanni Giardino"
"71","Giovanni Paolo Panini"
"71","Giovanni Piranesi"
"71","Giulia Di Filippi"
"71","Giuliano Censini"
"71","Giuseppe Alumbo"
"71","Giuseppina Tartagni"
"71","Gió Mondelli"
"71","Glen C"
"71","Glenn Cernosek"
"71","Grace Brighton"
"71","Graf-Fbg"
"71","Graham Reynolds"
"71","Graham Ritts"
"71","Gregory Williams"
"71","Gualtiero Bassi Scala"
"71","Gustav Klimt"
"71","H"
"71","Hans Neleman"
"71","Harold Davis"
"71","Heinrich Pfeiffer"
"71","Helen Pierson"
"71","Henry Bradbury"
"71","Hierseman"
"71","Hokusai"
"71","Hélene Simon"
"71","Illuminations"
"71","Image Source"
"71","Ingrid Blixt"
"71","Isabella Cuccato"
"71","Isabella Rossetti"
"71","Isabelle Herbert"
"71","Ivan Choultse"
"71","Ivano Berlendis"
"71","Ivano Castelli"
"71","J"
"71","Jack Sorenson"
"71","Jacob Reed"
"71","Jacob Trew"
"71","Jacques Leconte"
"71","Jacques Leroy"
"71","Jade Reynolds"
"71","Jaggu Prasad"
"71","James Bryant"
"71","James Burghardt"
"71","James Leynse"
"71","James Linton Sain"
"71","Jane Loudon"
"71","Jane Maday"
"71","Janie Macdowell"
"71","Janine Clarke"
"71","Jaques Beaumont"
"71","Jarman Fagalde"
"71","Jason Higby"
"71","Jason Johnson"
"71","Jason Robbins"
"71","Jean Baptiste Robie"
"71","Jean Capeinick"
"71","Jean Du Boisberranger"
"71","Jean Francois Bony"
"71","Jean-Pierre Got"
"71","Jean-Pierre Lescourret"
"71","Jeffrey Leonard"
"71","Jennifer Bailey"
"71","Jennifer Goldberger"
"71","Jenny Oliver"
"71","Jered Baxter"
"71","Jessica Hayllar"
"71","Jil Wilcox"
"71","Jill Deveraux"
"71","Jim Christensen"
"71","Jim Zuckerman"
"71","Johann Esper"
"71","Johann Weinmann"
"71","Johanne Blaeu"
"71","John Butler"
"71","John Frumm"
"71","John Gould"
"71","John Graham"
"71","John James Audubon"
"71","John Miller"
"71","John Seba"
"71","John Selby"
"71","John Short"
"71","John Slemp"
"71","John Snow"
"71","John Stow"
"71","John Wiek"
"71","John William Hill"
"71","Johnson"
"71","Jon Arnold"
"71","Jose Fuste Raga"
"71","Joseph Morgan"
"71","Joseph Sohm"
"71","Joyce Combs"
"71","Judy Koenig"
"71","Julia Casey"
"71","Julie Chapman"
"71","June Erica Vess"
"71","Justin Adams"
"71","Justin Thompson"
"71","K"
"71","Kamba"
"71","Karen Deans"
"71","Karin Becker"
"71","Kate Archie"
"71","Kate Carrigan"
"71","Kate Tillman"
"71","Kate Ward Thacker"
"71","Kati Roberts"
"71","Katy Frances"
"71","Katy Olsen"
"71","Kelly Douglas"
"71","Kevin Baker"
"71","Kevin Daniel"
"71","Kevin Harris"
"71","Knorr"
"71","Kobelt"
"71","Kottenkamp"
"71","Kristi Mitchell"
"71","Kurt Morrison"
"71","L"
"71","Laura Denardo"
"71","Laura Martin"
"71","Lauren Mckee"
"71","Left Lane"
"71","Leo Stans"
"71","Leonardo Da Vinci"
"71","Leonetto Cappiello"
"71","Li Bo"
"71","Lindsay Blake"
"71","Lisa Choate"
"71","Lisa Corradini"
"71","Lola Henry"
"71","Loretta Felli"
"71","Louise Max"
"71","Louise Montillio"
"71","Lowe"
"71","Luca Dall'Olio"
"71","Ludovico Ughi"
"71","Luke Bennett"
"71","Luke Wilson"
"71","M"
"71","Madeleine Clark"
"71","Madeline Clark"
"71","Madou"
"71","Mancet"
"71","Marcello Dudovich"
"71","Marcello Nizzoli"
"71","Marcia Wells"
"71","Marco Mandibola"
"71","Maria Grazia Luffarelli"
"71","Maria Pezzano"
"71","Maria Woods"
"71","Marianne Augé"
"71","Marie Caroline Escallier"
"71","Marietta Cohen"
"71","Marino Capurso"
"71","Mario De Biasi"
"71","Mario Sergio"
"71","Mark Catesby"
"71","Marshall Mccoy"
"71","Martin Henson"
"71","Martin Rose"
"71","Martine Reynaud"
"71","Martinet"
"71","Martini"
"71","Marvin Newman"
"71","Mary Jean Weber"
"71","Massimo Borchi"
"71","Massimo Valli"
"71","Matt Russel"
"71","Matthew Daniels"
"71","Matthew Zimmerman"
"71","Maubert"
"71","Maurizio Moretti"
"71","Maurizio Piovan"
"71","Max Hansen"
"71","Maxine Johnston"
"71","Mayor Irton"
"71","Megan Meagher"
"71","Melanie Harper"
"71","Melissa Bolton"
"71","Melissa Richardson"
"71","Merigot"
"71","Meyers"
"71","Michael G"
"71","Michel Pergolesi"
"71","Michelangelo"
"71","Michele Falzone"
"71","Michele Notarangelo"
"71","Michelle Oppenheimer"
"71","Migdalia Arellano"
"71","Milne"
"71","Milton"
"71","Mitchell"
"71","Mulsant & Verreaux"
"71","Murat Taner"
"71","Myriam Cappelletti"
"71","N"
"71","Nan Rae"
"71","Nancy Slocum"
"71","Naomi Mccavitt"
"71","Natalie Alexander"
"71","Natalie Avondet"
"71","Natalie Carter"
"71","Natalie Rhodes"
"71","Nathalie Besson"
"71","Nathaniel Buck"
"71","Neil Thomas"
"71","Nel Whatmore"
"71","Neufforge"
"71","Niall Benvie"
"71","Nick Stevens"
"71","Nicolas De Fer"
"71","Nicole Martinay"
"71","Nicole Sutton"
"71","Nikolai Kozlov"
"71","Nino Mustica"
"71","Noah Bay"
"71","Noll Images"
"71","Norman Wyatt Jr"
"71","Nozeman"
"71","O"
"71","Oliver Jeffries"
"71","Olivia Perry"
"71","Olivia Shaw"
"71","Olivier Cadeaux"
"71","Onne Van Der Wal"
"71","Open Journey"
"71","Owen Jones"
"71","P"
"71","Pablo Segovia"
"71","Pamela Davis"
"71","Pamela Shirley"
"71","Paolo Curto"
"71","Paolo Di Rosa"
"71","Patrick Carney"
"71","Patrick Langham"
"71","Patty Q"
"71","Paul Hardy"
"71","Paul Sanderson"
"71","Paula Benson"
"71","Pawel Libera"
"71","Peder Monsted"
"71","Pergolesi"
"71","Petit"
"71","Philip Gendreau"
"71","Philip Greene"
"71","Philip Jensen"
"71","Philippe Body"
"71","Pierre D'Avoine"
"71","Pierre Viollet"
"71","Pieter Cramer"
"71","Pietrola Vega"
"71","Piranesi"
"71","Pizetta"
"71","Prevost"
"71","R"
"71","Rachael Sullivan"
"71","Rachel Perry"
"71","Raffaello"
"71","Raffaello Sanzio"
"71","Ralph Steele"
"71","Ramin Talaie"
"71","Randy Wells"
"71","Raul Tamaris"
"71","Ray Foster"
"71","Rebecca Bruce Bryant"
"71","Redoute"
"71","Renee W"
"71","Reneé Campbell"
"71","Ricardo Vargas"
"71","Richard Berenholtz"
"71","Richard Franz Unterberger"
"71","Richard Leblanc"
"71","Richard Nichols"
"71","Richardson"
"71","Ricki Mountain"
"71","Robbie Jack"
"71","Robert A"
"71","Robert Dale"
"71","Robert Dominguez"
"71","Robert Gniewek"
"71","Robert Mcclintock"
"71","Roberto Fantini"
"71","Roberto Furlan"
"71","Robin Sadler"
"71","Robys"
"71","Rodolfo Jimenez"
"71","Ron Di Scenza"
"71","Ron Watts"
"71","Rosa Bonheur"
"71","Rossana Petrillo"
"71","Rowena Meeks Abdy"
"71","Rudy Sulgan"
"71","Russell"
"71","Russell Brennan"
"71","Ryan Franklin"
"71","S"
"71","Salvador Dalì"
"71","Sam Schulman"
"71","Samuel Blanco"
"71","Sandra James"
"71","Sandro Santioli"
"71","Sara J"
"71","Sarah Ward"
"71","Sarah Williamson"
"71","Schaefer, Jr"
"71","Sean Sadler"
"71","Sebastien Duval"
"71","Sellier"
"71","Sergio Pitamitz"
"71","Sergio Zaniboni"
"71","Severeyns"
"71","Shari Erickson"
"71","Sharon Gordon"
"71","Sharon Green"
"71","Sheila B"
"71","Sie"
"71","Silvia Rutledge"
"71","Sir Francis Grant"
"71","Snyder"
"71","Sophie Gillen"
"71","Spy"
"71","Stefania Mottinelli"
"71","Stefania Re"
"71","Stefano Amantini"
"71","Stefano Ferreri"
"71","Stephen Calcasola"
"71","Steve Peterson"
"71","Stuart Westmorland"
"71","Sydenham Edwards"
"71","Sydney Wright"
"71","Sylvie Bellaunay"
"71","Sylvie Cailler"
"71","Syndenham Edwards"
"71","T"
"71","Tamara De Lempicka"
"71","Tang Ling"
"71","Tebo Marzari"
"71","Terence Halley"
"71","Terry Lawrence"
"71","Tetra Images"
"71","Thomas Blinks"
"71","Thomas Greenhalgh"
"71","Thomas Page"
"71","Thomas Young"
"71","Tim O'Toole"
"71","Todd Hamilton"
"71","Tom Blackwell"
"71","Tombleson"
"71","Turpin"
"71","Tyler Burke"
"71","Unknown"
"71","Utamaro"
"71","Valerie Deleau"
"71","Valerio Salvini"
"71","Van Der Wal"
"71","Vanna Lam"
"71","Victor Petit"
"71","Vincent Van Gogh"
"71","Vincenzo Amicone"
"71","Virginia  Huntington"
"71","Vision Studio"
"71","W"
"71","Walter King Stone"
"71","Weinmann"
"71","Wendy Russell"
"71","Wilkenson"
"71","Wilkes"
"71","Will Richmond"
"71","William Matthews"
"71","William Wyld"
"71","Wolfensberger"
"71","Wong-Li"
"71","Yuki Ross"
