"9","Abstract Squared"
"9","African Safari"
"9","Antonio Massa"
"9","Art For Kids"
"9","Art for Her"
"9","Art for Him"
"9","Beachy Horizons"
"9","Bear Fruit"
"9","City Views"
"9","Color Pop"
"9","Contemporary Flowers"
"9","L is for Love"
"9","L-is for Love"
"9","Limited Editions"
"9","Modern Blooms"
"9","Museum Masterpieces"
"9","Outside the Box"
"9","Say It With Words"
"9","Seashells by the Seashore"
"9","Shabby Chic"
"9","The Real Marilyn"
"9","Urban Edge"
"9","Vintage Maps"
"9","Worth a Thousand Words"
