1580,A. A. Pfannmuller
1580,A. Descubes
1580,"A. Pope, Jr."
1580,A. Pugin
1580,A. Risso
1580,A. Thorburn
1580,A. Wilson
1580,A.C. Warren
1580,Aaron Summers
1580,Abraham Munting
1580,Achille Luciano Mauzan
1580,Adelio Bonacina
1580,Adriano Galasso
1580,Aimee Davidson
1580,Akrans
1580,Alan Schein
1580,Albertus Seba
1580,Alex Edwards
1580,Alexander Moore
1580,Alexander Wilson
1580,Alexandra Perry
1580,Alfred Saerchinger
1580,Alicia Ludwig
1580,Ally Burke
1580,Alma'Ch
1580,Amedeo Modigliani
1580,Amy Weaver
1580,Andrea  Del Missier
1580,Andrea Bassetti
1580,Andrea Del Missier
1580,Andrea Kahn
1580,Andrea Trivelli
1580,Andrea Villa
1580,Andrea  Trivelli
1580,Andres Gonzales
1580,Andrew Cook George
1580,Andrew Cooper
1580,André Mazo
1580,Andy James
1580,Andy Neuwirth
1580,Angela Perry
1580,Anna Casey
1580,Anna Martin
1580,Anne Brochard
1580,Anne Luneau
1580,Anne Michaels
1580,Anonymous
1580,Anonymous 18Th C.
1580,Antonio Di Viccaro
1580,Antonio Massa
1580,Arena
1580,Arlene Stevens
1580,Arnaud Chicurel
1580,Arthur L. Cox
1580,Arthur Lucas
1580,Ashley Cooper
1580,Astorina
1580,Astrid Inger
1580,Audrey Cleret
1580,B. Picart
1580,Basilius Besler
1580,Bay Benjamin
1580,Beaubien Shari
1580,Becky Davis
1580,Bedford Francis D.
1580,Benjamin Leader
1580,Bennet
1580,Berthe Hoola Van Nooten
1580,Bertuch
1580,Bessa
1580,Beth Anne Creative
1580,Beth Winslow
1580,Betina Levin
1580,Bill Rose
1580,Birke
1580,Blixt Ingrid
1580,Bloch
1580,Blondel
1580,Bob Krist
1580,Boekman
1580,Bonnard
1580,Bookman Debbie
1580,Brandon Glover
1580,Brent Mc Rae
1580,Brent Nelson
1580,Brian Carter
1580,Brian Francis
1580,Bruce White
1580,Bryan Carter
1580,Bryan Peterson
1580,Buck
1580,Bunn
1580,C. Harry Eaton
1580,Caldwell
1580,Calwer
1580,Cam Richards
1580,Cameron Davidson
1580,Cameron Rogers
1580,Cameron Wilson
1580,Captain N. Holland
1580,Carl Frederic Aagaard
1580,Carlos Antonini
1580,Carlsruhe
1580,Caroline Kelly
1580,Cavalli
1580,Ch. Motte
1580,Chambers
1580,Chapman Julie
1580,Chariklia Zarris
1580,Charles Dugasseau
1580,Charles Giraud
1580,Charles James Lewis
1580,Charlie Carter
1580,Choate Lisa
1580,Chris Donovan
1580,Chris Vest
1580,Christian Guy
1580,Christina Baker
1580,Christina Long
1580,Christine Zalewski
1580,Cindy Mcintyre
1580,Cipriani
1580,Claude Lorrain
1580,Claude Lorraine
1580,Claude Monet
1580,Claudia Raimondi
1580,Colby Chester
1580,Colin Floyd
1580,Collins
1580,Conway Kim
1580,Corneille Van Spaendonck
1580,Costello
1580,Craig Palmer
1580,Cramer
1580,Crane Walter
1580,Creative Beth Anne
1580,Cristina Mavaracchio
1580,Curtis
1580,Curto
1580,D.K. Gifford
1580,Da Carlo Antonini
1580,Dahlberg
1580,Dan Bennion
1580,Dan Mcelleney
1580,Dan Werner
1580,Danchin
1580,Danielle Harrington
1580,Danny Head
1580,Darren Davison
1580,Dave Cutler
1580,David Muench
1580,David Parks
1580,David Parrish
1580,David Pedersen
1580,David Stewart
1580,De La Fosse
1580,De Langlois
1580,DeDonato Jennifer
1580,Deann Hebert
1580,Deann Herbert
1580,Deborah Bookman
1580,Deborah Devellier
1580,Decker
1580,Della-Piana Elissa
1580,Deneufforge
1580,Dennis Gray
1580,Descube
1580,Deshayes
1580,Dezallier
1580,Diane Harper
1580,Diderot
1580,Didier Berger
1580,Dietrich
1580,Dillon Carol
1580,Donato Larotonda
1580,Doug Pearson
1580,Douglas Peebles
1580,Du Roy
1580,Duchampt
1580,Dustin Chambers
1580,Dylan Matthews
1580,Dylan Wright
1580,E. Guerin
1580,E. Lopez
1580,E.H. Osthaus
1580,Edgard Degas
1580,Edmonston & Douglas
1580,Edoardo Rovere
1580,Eduardo
1580,Eduardo Moreau
1580,Edvard Munch
1580,Edwards
1580,Elena Baker
1580,Elena Galimberti
1580,Elena Panizza
1580,Elena Ray
1580,Elisa Raimondi
1580,Elissa Della-Piana
1580,Elizabeth Twining
1580,Elizabeth Wright
1580,Ellie Roberts
1580,Emanuele Brambilla
1580,Emilio Ciccone
1580,Emily Dunn
1580,Emily Robinson
1580,Engelmann
1580,Enzo Facciolo
1580,Eric Dahlberg
1580,Eric Waugh
1580,Erin Ashley
1580,Erin Dertner
1580,Erin Lange
1580,Ernest Briggs
1580,Ernest Montaut
1580,Ernst Haeckel
1580,Ernst Heyn
1580,Ethan Harper
1580,Etienne Bonnard
1580,Eva Barberini
1580,Evan J. Locke
1580,Ezio Riccardi
1580,F. Leuba
1580,F.P. Nodder
1580,Fabio Muzzi
1580,Fagalde Jarman
1580,Falda
1580,Federico Landi
1580,Federico Seneca
1580,Ferdos Maleki
1580,Ferrari
1580,Frances  Bouchardeau
1580,Francesco Hayez
1580,Francis Brook
1580,Franco Paludetti
1580,Frank Lukasseck
1580,Frank Mastro
1580,Frank Ritter
1580,Franklin Taylor
1580,Fred Neukomm
1580,Frederic Edwin Church
1580,Frederic Leighton
1580,Friedrich Specht
1580,Friel Tara
1580,Fulvio Dot
1580,G. Balmer
1580,G. Lance
1580,G. Van Der Giessen
1580,G.D.. Rowlandson
1580,Gaul
1580,Gavin Hellier
1580,George Bickham
1580,George Edwards
1580,George Wolfgang Knorr
1580,Georges Massiot
1580,Gerardo Mercatore
1580,Gerolamo Acquarone
1580,Giampaolo Amstici
1580,Giardini
1580,Ginny Joyner
1580,Gino Boccasile
1580,Giorgio Arnolfi
1580,Giorgio Mariani
1580,Giovanbattista Mannarini
1580,Giovanni Borra
1580,Giovanni Giardino
1580,Giovanni Paolo Panini
1580,Giovanni Piranesi
1580,Giulia Di Filippi
1580,Giuliano Censini
1580,Giuseppe Alumbo
1580,Giuseppina Tartagni
1580,Gió Mondelli
1580,Glen C. Sheffer
1580,Glenn Cernosek
1580,Goldberger Jennifer
1580,Grace Brighton
1580,Graf-Fbg
1580,Graham Reynolds
1580,Graham Ritts
1580,Gregory Williams
1580,Gualtiero Bassi Scala
1580,Gustav Klimt
1580,H. Armstrong Roberts
1580,H. Fenn
1580,H. Hulsbergh
1580,H.L. Meyer
1580,Hans Neleman
1580,Harold Davis
1580,Harper Ethan
1580,Heinrich Pfeiffer
1580,Helen Pierson
1580,Henry Bradbury
1580,Hierseman
1580,Hokusai
1580,Hélene Simon
1580,Illuminations
1580,Ilosky Pam
1580,Image Source
1580,Ingrid Blixt
1580,Isabella Cuccato
1580,Isabella Rossetti
1580,Isabelle Herbert
1580,Ivan Choultse
1580,Ivano Berlendis
1580,Ivano Castelli
1580,J. Grieg
1580,J. Holland
1580,J. Rapkin
1580,J. Stewart
1580,J. Wilkes
1580,J.M. Atwood
1580,J.M.. Tracey
1580,J.N. Fitch
1580,J.P. Neale
1580,J.W. Hill
1580,Jack Sorenson
1580,Jacob Reed
1580,Jacob Trew
1580,Jacques Leconte
1580,Jacques Leroy
1580,Jade Reynolds
1580,Jaggu Prasad
1580,James Bryant
1580,James Burghardt
1580,James Leynse
1580,James Linton Sain
1580,Jane Loudon
1580,Jane Maday
1580,Janie Macdowell
1580,Janine Clarke
1580,Jaques Beaumont
1580,Jarman Fagalde
1580,Jason Higby
1580,Jason Johnson
1580,Jason Robbins
1580,Jean Baptiste Robie
1580,Jean Capeinick
1580,Jean Du Boisberranger
1580,Jean Francois Bony
1580,Jean-Pierre Got
1580,Jean-Pierre Lescourret
1580,Jeffrey Leonard
1580,Jennifer Bailey
1580,Jennifer Goldberger
1580,Jenny Oliver
1580,Jered Baxter
1580,Jessica Hayllar
1580,Jil Wilcox
1580,Jill Deveraux
1580,Jim Christensen
1580,Jim Zuckerman
1580,Johann Esper
1580,Johann Weinmann
1580,Johanne Blaeu
1580,John Butler
1580,John Frumm
1580,John Gould
1580,John Graham
1580,John James Audubon
1580,John Miller
1580,John Seba
1580,John Selby
1580,John Short
1580,John Slemp
1580,John Snow
1580,John Stow
1580,John Wiek
1580,John William Hill
1580,Johnson
1580,Johnson Daphane L.
1580,Jon Arnold
1580,Jose Fuste Raga
1580,Joseph Morgan
1580,Joseph Sohm
1580,Joyce Combs
1580,Judy Koenig
1580,Julia Casey
1580,Julie Chapman
1580,June Erica Vess
1580,Justin Adams
1580,Justin Thompson
1580,Kamba
1580,Karen Deans
1580,Karin Becker
1580,Kasun Theresa
1580,Kate Archie
1580,Kate Carrigan
1580,Kate Tillman
1580,Kate Ward Thacker
1580,Kati Roberts
1580,Katy Frances
1580,Katy Olsen
1580,Kelly Douglas
1580,Kevin Baker
1580,Kevin Daniel
1580,Kevin Harris
1580,Knorr
1580,Kobelt
1580,Kottenkamp
1580,Kristi Mitchell
1580,Kurt Morrison
1580,L. Curmer
1580,L. Kemp-Welch
1580,Lam Vanna
1580,Laura Denardo
1580,Laura Martin
1580,Lauren Mckee
1580,Lawrence Sir Thomas
1580,Left Lane
1580,Leo Stans
1580,Leonardo Da Vinci
1580,Leonetto Cappiello
1580,Li Bo
1580,Lindsay Blake
1580,Lisa
1580,Lisa Choate
1580,Lisa Corradini
1580,Lola Henry
1580,Loretta Felli
1580,Louise Max
1580,Louise Montillio
1580,Lowe
1580,Luca Dall'Olio
1580,Ludovico Ughi
1580,Ludwig Alicia
1580,Luke Bennett
1580,Luke Wilson
1580,M. Hart
1580,M. Knorr
1580,Madeleine Clark
1580,Madeline Clark
1580,Madou
1580,Mancet
1580,Marcello Dudovich
1580,Marcello Nizzoli
1580,Marcia Wells
1580,Marco Mandibola
1580,Maria Grazia Luffarelli
1580,Maria Pezzano
1580,Maria Woods
1580,Marianne Augé
1580,Marie Caroline Escallier
1580,Marietta Cohen
1580,Marino Capurso
1580,Mario De Biasi
1580,Mario Sergio
1580,Mark Catesby
1580,Marlys K. Mallet
1580,Marshall Mccoy
1580,Martin Henson
1580,Martin Rose
1580,Martine Reynaud
1580,Martinet
1580,Martini
1580,Marvin Newman
1580,Mary Jean Weber
1580,Massimo Borchi
1580,Massimo Valli
1580,Matt Russel
1580,Matthew Daniels
1580,Matthew Zimmerman
1580,Maubert
1580,Maurizio Moretti
1580,Maurizio Piovan
1580,Max Hansen
1580,Maxine Johnston
1580,Mayor Irton
1580,McClintock Robert
1580,Meagher Megan
1580,Megan Meagher
1580,Melanie Harper
1580,Melissa Bolton
1580,Melissa Richardson
1580,Merigot
1580,Meyers
1580,Michael G. Miller
1580,Michel Pergolesi
1580,Michelangelo
1580,Michele Falzone
1580,Michele Notarangelo
1580,Michelle Oppenheimer
1580,Migdalia Arellano
1580,Mike Klung
1580,Milne
1580,Milton
1580,Mitchell
1580,Mulsant & Verreaux
1580,Murat Taner
1580,Myriam Cappelletti
1580,Nan Rae
1580,Nancy Slocum
1580,Naomi Mccavitt
1580,Natalie Alexander
1580,Natalie Avondet
1580,Natalie Carter
1580,Natalie Rhodes
1580,Nathalie Besson
1580,Nathaniel Buck
1580,Neil Thomas
1580,Nel Whatmore
1580,Neufforge
1580,Niall Benvie
1580,Nick Stevens
1580,Nicolas De Fer
1580,Nicole Martinay
1580,Nicole Sutton
1580,Nikolai Kozlov
1580,Nino Mustica
1580,Noah Bay
1580,Noll Images
1580,Norman Wyatt Jr.
1580,Nozeman
1580,O. Kleiner
1580,Oliver Jeffries
1580,Olivia Perry
1580,Olivia Shaw
1580,Olivier Cadeaux
1580,Onne Van Der Wal
1580,Open Journey
1580,Owen Jones
1580,P. De Pannemaeker
1580,P. Maverick
1580,P. Stroobant
1580,Pablo Segovia
1580,Pamela Davis
1580,Pamela Shirley
1580,Paolo Curto
1580,Paolo Di Rosa
1580,Patrick Carney
1580,Patrick Langham
1580,Patty Q.
1580,Paul Hardy
1580,Paul Sanderson
1580,Paula Benson
1580,Pawel Libera
1580,Peder Monsted
1580,Pergolesi
1580,Petit
1580,Philip Gendreau
1580,Philip Greene
1580,Philip Jensen
1580,Philippe Body
1580,Pierre D'Avoine
1580,Pierre Viollet
1580,Pieter Cramer
1580,Pietrola Vega
1580,Piranesi
1580,Pizetta
1580,Prevost
1580,R. Collier-Morales
1580,R. Hinshelwood
1580,R.B. Davies
1580,Rachael Sullivan
1580,Rachel Perry
1580,Rackham Arthur
1580,Raffaello
1580,Raffaello Sanzio
1580,Ralph Steele
1580,Ramin Talaie
1580,Randy Wells
1580,Raul Tamaris
1580,Ray Foster
1580,Rebecca Bruce Bryant
1580,Redoute
1580,Renee W. Stramel
1580,Reneé Campbell
1580,Ricardo Vargas
1580,Richard Berenholtz
1580,Richard Franz Unterberger
1580,Richard Leblanc
1580,Richard Nichols
1580,Richardson
1580,Ricki Mountain
1580,Robbie Jack
1580,"Robert A.Schaefer, Jr."
1580,Robert Dale
1580,Robert Dominguez
1580,Robert Gniewek
1580,Robert Mcclintock
1580,Roberto Fantini
1580,Roberto Furlan
1580,Robin Sadler
1580,Robys
1580,Rodolfo Jimenez
1580,Ron Di Scenza
1580,Ron Watts
1580,Roper Virginia A.
1580,Rosa Bonheur
1580,Rossana Petrillo
1580,Rowena Meeks Abdy
1580,Rudy Sulgan
1580,Russell
1580,Russell Brennan
1580,Ryan Franklin
1580,S. Stiles
1580,S. Walters
1580,Salvador Dalì
1580,Sam Schulman
1580,Samuel Blanco
1580,Sandra James
1580,Sandro Santioli
1580,Sara J. Cortese
1580,Sarah Ward
1580,Sarah Williamson
1580,Sean Sadler
1580,Sebastien Duval
1580,Sellier
1580,Sergio Pitamitz
1580,Sergio Zaniboni
1580,Severeyns
1580,Shah Syeda Mleeha
1580,Shari Erickson
1580,Sharon Gordon
1580,Sharon Green
1580,Sheila B.
1580,Sie
1580,Silvia Rutledge
1580,Sir Francis Grant
1580,Slocum Nancy
1580,Snyder
1580,Sophie Gillen
1580,Spy
1580,Stefania Mottinelli
1580,Stefania Re
1580,Stefano Amantini
1580,Stefano Ferreri
1580,Stephen Calcasola
1580,Steve Peterson
1580,Stramel Renee W.
1580,Stuart Westmorland
1580,Swinford Charles
1580,Sydenham Edwards
1580,Sydney Wright
1580,Sylvie Bellaunay
1580,Sylvie Cailler
1580,Syndenham Edwards
1580,T. Hearne
1580,T.E. Blankenship
1580,T.E. Nicholson
1580,Tamara De Lempicka
1580,Tang Ling
1580,Tebo Marzari
1580,Terence Halley
1580,Terry Lawrence
1580,Tetra Images
1580,Thacker Kate Ward
1580,Thomas Blinks
1580,Thomas Greenhalgh
1580,Thomas Page
1580,Thomas Young
1580,Tim O'Toole
1580,Todd Hamilton
1580,Tom Blackwell
1580,Tombleson
1580,Turpin
1580,Tyler Burke
1580,Unknown
1580,Utamaro
1580,Valerie Deleau
1580,Valerio Salvini
1580,Van Der Wal
1580,Vanna Lam
1580,Vess June Erica
1580,Vest Chris
1580,Victor Petit
1580,Vincent Van Gogh
1580,Vincenzo Amicone
1580,Virginia  Huntington
1580,Vision Studio
1580,W. Wellstood
1580,W.H. Bartlett
1580,W.L. Leitch
1580,Walter King Stone
1580,Weinmann
1580,Weinmann W.
1580,Wendy Russell
1580,White Abby
1580,Wilkenson
1580,Wilkes
1580,Will Richmond
1580,William Matthews
1580,William Wyld
1580,Wolfensberger
1580,Wong-Li
1580,Wright Sydney
1580,"Wyatt, Jr. Norman"
1580,Yuki Ross
1580,Zarris Chariklia
