71,Abstract,Geometric
71,Abstract,Irregular
71,Animals,Birds
71,Animals,Butterflies
71,Animals,Cats
71,Animals,Dogs
71,Animals,Dragonflies
71,Animals,Fish
71,Animals,Horses
71,Animals,Kids
71,Animals,Land Animals
71,Animals,Shells
71,Animals,Water Animals
71,Architecture,Bridges
71,Architecture,Buildings
71,Architecture,Elements
71,Architecture,Furniture
71,Architecture,Interiors
71,Architecture,Plans
71,Architecture,Sculptures & Statues
71,Botanical,Abstract
71,Botanical,Branches
71,Botanical,Flowers
71,Botanical,Gardens
71,Botanical,Leaves
71,Botanical,Palms
71,Botanical,Plants
71,Botanical,Trees
71,Cuisine,Candy
71,Cuisine,Drinks
71,Cuisine,Flatware
71,Cuisine,Food
71,Cuisine,Fruits & Vegetables
71,Dance,Ballet
71,Dance,Ballroom
71,Fashion,Men
71,Fashion,Women
71,Kids,Animals
71,Kids,Books
71,Kids,Cuisine
71,Kids,Entertainment
71,Kids,Floral
71,Kids,Flowers
71,Kids,Land Animals
71,Kids,Landscape
71,Kids,People
71,Kids,Sports & Recreation
71,Kids,Symbols & Patterns
71,Kids,Symbols & Patters
71,Kids,Toys
71,Kids,Transportation
71,Landscape,Abstract
71,Landscape,Beaches
71,Landscape,Bridges
71,Landscape,Cityscape
71,Landscape,Cityscapes
71,Landscape,Coastal
71,Landscape,Flowers
71,Landscape,Forest
71,Landscape,Hillside
71,Landscape,Lakes
71,Landscape,Marsh
71,Landscape,Mountains
71,Landscape,Rivers
71,Landscape,Scenic
71,Landscape,Trees
71,Landscape,Tropical
71,Maps & Charts,Africa
71,Maps & Charts,Asia
71,Maps & Charts,Celestial
71,Maps & Charts,Charts
71,Maps & Charts,Crests
71,Maps & Charts,Crowns
71,Maps & Charts,Europe
71,Maps & Charts,Flags
71,Maps & Charts,North America
71,Maps & Charts,World
71,Museum Masters,Angels
71,Museum Masters,Figurative
71,Museum Masters,Flowers
71,Museum Masters,Interiors
71,Museum Masters,Landscape
71,Museum Masters,Ponds
71,Museum Masters,Still Life
71,Music,Classical
71,Music,Instruments
71,Music,Jazz
71,Ornamental)Patterns,
71,Ornamental,Elements
71,Ornamental,Patterns
71,Ornamental,Symbols
71,People,Abstract Figurative
71,People,Anonymous
71,People,Famous
71,People,Figurative
71,People,Models
71,People,Nudes
71,Photography,Black & White
71,Photography,Color
71,Places,European Union
71,Places,Italy
71,Places,New York City
71,Places,North America
71,Places,Paris
71,Seasons,Autumn
71,Seasons,Fall
71,Seasons,Spring
71,Seasons,Winter
71,Sports & Recreation,Hobbies
71,Sports & Recreation,Recreation
71,Sports & Recreation,Sports
71,Still Life,Baskets
71,Still Life,Books
71,Still Life,Clocks
71,Still Life,Coat Of Arms
71,Still Life,Crests
71,Still Life,Crowns
71,Still Life,Currency
71,Still Life,Flowers
71,Still Life,Miscellaneous
71,Still Life,Shells
71,Still Life,Shields
71,Still Life,Tableware
71,Still Life,Trunks
71,Still Life,Urns
71,Still Life,Vases
71,Transportation,Airplanes
71,Transportation,Boats
71,Transportation,Cars
71,Transportation,Motorcycles
71,Transportation,Trains
71,Words & Numbers,
71,Words & Numbers,Numbers
71,Words & Numbers,Words
71,Words & Numbers,Words & Numbers
71,World Culture,Africa
71,World Culture,Asia
71,World Culture,Europe
71,World Culture,Italy
71,World Culture,North America
