"sku","_store","_attribute_set","_type","_category","_root_category","_product_websites","alt_size_1","alt_size_2","alt_size_3","alt_size_4","color","cost","country_of_manufacture","created_at","created_by","custom_design","custom_design_from","custom_design_to","custom_layout_update","date_created","date_expired","date_modified","description","embellishments","enable_googlecheckout","format","gallery","gift_message_available","has_options","image","image_label","udf_image_size_cm","udf_image_size_in","manufacturer","media_gallery","meta_description","meta_keyword","meta_title","minimal_price","modified_by","msrp","msrp_display_actual_price_type","msrp_enabled","name","news_from_date","news_to_date","options_container","udf_oversize","page","page_layout","udf_paper_size_in","udf_paper_size_cm","udf_a4pod","price","required_options","short_description","size_category","small_image","small_image_label","special_from_date","special_price","special_to_date","status","tax_class_id","thumbnail","thumbnail_label","title","total_quantity_on_hand","udf_anycustom","udf_artist_name","udf_copyright","udf_crimage","udf_crline","udf_dnd","udf_embellished","udf_framed","udf_imsource","udf_limited","udf_maxsfcm","udf_maxsfin","udf_new","udf_osdp","udf_pricecode","udf_ratiodec","udf_specpaper","udf_tar","updated_at","url_key","url_path","visibility","weight","qty","min_qty","use_config_min_qty","is_qty_decimal","backorders","use_config_backorders","min_sale_qty","use_config_min_sale_qty","max_sale_qty","use_config_max_sale_qty","is_in_stock","notify_stock_qty","use_config_notify_stock_qty","manage_stock","use_config_manage_stock","stock_status_changed_auto","use_config_qty_increments","qty_increments","use_config_enable_qty_inc","enable_qty_increments","is_decimal_divided","_links_related_sku","_links_related_position","_links_crosssell_sku","_links_crosssell_position","_links_upsell_sku","_links_upsell_position","_associated_sku","_associated_default_qty","_associated_position","_tier_price_website","_tier_price_customer_group","_tier_price_qty","_tier_price_price","_group_price_website","_group_price_customer_group","_group_price_price","_media_attribute_id","_media_image","_media_lable","_media_position","_media_is_disabled","_custom_option_store","_custom_option_type","_custom_option_title","_custom_option_is_required","_custom_option_price","_custom_option_sku","_custom_option_max_characters","_custom_option_sort_order","_custom_option_row_title","_custom_option_row_price","_custom_option_row_sku","_custom_option_row_sort","udf_canvas","udf_largeos","udf_eco","udf_fmaxslscm","udf_fmaxslsin","udf_fmaxsssin","udf_fmaxssxcm","udf_colorcode","udf_framecat","udf_prisubnsubcat","udf_pricolor","udf_pristyle","udf_rooms","udf_artshop","udf_artshopi","udf_artshopl","udf_nollcavail","udf_llcroy","udf_royllcval","udf_custom_size","udf_orientation","udf_decal","udf_f_m_avail_4_canvas","udf_f_m_avail_4_paper","udf_large","udf_medium","udf_petite","udf_small","udf_moulding_width","udf_photopaper","udf_poster","primary_vendor_no","udf_ratiocode","udf_rag","udf_metallic_ink","udf_foil","udf_serigraph","udf_embossed","udf_entitytype"
"F4L001O3",,"Topart - Products","simple",,,,,,,,,,,,,,,,,,,,"3in. Navy Oversize Top Mat",,,,,,,,,,,,,,,,,,,,,"3in. Navy Oversize Top Mat",,,,,,,,,,"0.0",,"3in. Navy Oversize Top Mat",,,,,,,"1","2",,,,,,,,,,,,,,,,,,,,,,,,,,"1","1",,,,,,,,,,,,,,,,,,,,,,,,,,,,,,,,,,,,,,,,,,,,,,,,,,,,,,,,,"No","0.0","54.0","34.0","0.0","#495678","MatsColorOS",,,,,,,,,,,,,,"No","Yes",,,,,"3.0",,,"F21066",,,,,,,"Mat"
"F4L001R2",,"Topart - Products","simple",,,,,,,,,,,,,,,,,,,,"2in. Navy Top Mat",,,,,,,,,,,,,,,,,,,,,"2in. Navy Top Mat",,,,,,,,,,"0.0",,"2in. Navy Top Mat",,,,,,,"1","2",,,,,,,,,,,,,,,,,,,,,,,,,,"1","1",,,,,,,,,,,,,,,,,,,,,,,,,,,,,,,,,,,,,,,,,,,,,,,,,,,,,,,,,"No","0.0","40.0","28.0","0.0","#495678","MatsColor",,,,,,,,,,,,,,"No","Yes",,,,,"2.0",,,"F21066",,,,,,,"Mat"
"F4L001R3",,"Topart - Products","simple",,,,,,,,,,,,,,,,,,,,"3in. Navy Top Mat",,,,,,,,,,,,,,,,,,,,,"3in. Navy Top Mat",,,,,,,,,,"0.0",,"3in. Navy Top Mat",,,,,,,"1","2",,,,,,,,,,,,,,,,,,,,,,,,,,"1","1",,,,,,,,,,,,,,,,,,,,,,,,,,,,,,,,,,,,,,,,,,,,,,,,,,,,,,,,,"No","0.0","38.0","26.0","0.0","#495678","MatsColor",,,,,,,,,,,,,,"No","Yes",,,,,"3.0",,,"F21066",,,,,,,"Mat"
"F4L006O3",,"Topart - Products","simple",,,,,,,,,,,,,,,,,,,,"3in.  Merlot Oversize Top Mat",,,,,,,,,,,,,,,,,,,,,"3in.  Merlot Oversize Top Mat",,,,,,,,,,"0.0",,"3in.  Merlot Oversize Top Mat",,,,,,,"1","2",,,,,,,,,,,,,,,,,,,,,,,,,,"1","1",,,,,,,,,,,,,,,,,,,,,,,,,,,,,,,,,,,,,,,,,,,,,,,,,,,,,,,,,"No","0.0","54.0","34.0","0.0","#8a5262","MatsColorOS",,,,,,,,,,,,,,"No","Yes",,,,,"3.0",,,"F21066",,,,,,,"Mat"
"F4L006R2",,"Topart - Products","simple",,,,,,,,,,,,,,,,,,,,"2in. Merlot Top Mat",,,,,,,,,,,,,,,,,,,,,"2in. Merlot Top Mat",,,,,,,,,,"0.0",,"2in. Merlot Top Mat",,,,,,,"1","2",,,,,,,,,,,,,,,,,,,,,,,,,,"1","1",,,,,,,,,,,,,,,,,,,,,,,,,,,,,,,,,,,,,,,,,,,,,,,,,,,,,,,,,"No","0.0","40.0","28.0","0.0","#8a5262","MatsColor",,,,,,,,,,,,,,"No","Yes",,,,,"2.0",,,"F21066",,,,,,,"Mat"
"F4L006R3",,"Topart - Products","simple",,,,,,,,,,,,,,,,,,,,"3in. Merlot Top Mat",,,,,,,,,,,,,,,,,,,,,"3in. Merlot Top Mat",,,,,,,,,,"0.0",,"3in. Merlot Top Mat",,,,,,,"1","2",,,,,,,,,,,,,,,,,,,,,,,,,,"1","1",,,,,,,,,,,,,,,,,,,,,,,,,,,,,,,,,,,,,,,,,,,,,,,,,,,,,,,,,"No","0.0","38.0","26.0","0.0","#8a5262","MatsColor",,,,,,,,,,,,,,"No","Yes",,,,,"3.0",,,"F21066",,,,,,,"Mat"
"F4L014R2",,"Topart - Products","simple",,,,,,,,,,,,,,,,,,,,"2in. Sterling Gray Top Mat",,,,,,,,,,,,,,,,,,,,,"2in. Sterling Gray Top Mat",,,,,,,,,,"0.0",,"2in. Sterling Gray Top Mat",,,,,,,"1","2",,,,,,,,,,,,,,,,,,,,,,,,,,"1","1",,,,,,,,,,,,,,,,,,,,,,,,,,,,,,,,,,,,,,,,,,,,,,,,,,,,,,,,,"No","0.0","40.0","28.0","0.0","#b3bfc9","MatsColor",,,,,,,,,,,,,,"No","Yes",,,,,"2.0",,,"F21066",,,,,,,"Mat"
"F4L014R3",,"Topart - Products","simple",,,,,,,,,,,,,,,,,,,,"3in. Sterling Gray Top Mat",,,,,,,,,,,,,,,,,,,,,"3in. Sterling Gray Top Mat",,,,,,,,,,"0.0",,"3in. Sterling Gray Top Mat",,,,,,,"1","2",,,,,,,,,,,,,,,,,,,,,,,,,,"1","1",,,,,,,,,,,,,,,,,,,,,,,,,,,,,,,,,,,,,,,,,,,,,,,,,,,,,,,,,"No","0.0","38.0","26.0","0.0","#b3bfc9","MatsColor",,,,,,,,,,,,,,"No","Yes",,,,,"3.0",,,"F21066",,,,,,,"Mat"
"F4L015O3",,"Topart - Products","simple",,,,,,,,,,,,,,,,,,,,"3in. Zucchini Oversize Top Mat",,,,,,,,,,,,,,,,,,,,,"3in. Zucchini Oversize Top Mat",,,,,,,,,,"0.0",,"3in. Zucchini Oversize Top Mat",,,,,,,"1","2",,,,,,,,,,,,,,,,,,,,,,,,,,"1","1",,,,,,,,,,,,,,,,,,,,,,,,,,,,,,,,,,,,,,,,,,,,,,,,,,,,,,,,,"No","0.0","54.0","34.0","0.0","#6e782e","MatsColorOS",,,,,,,,,,,,,,"No","Yes",,,,,"3.0",,,"F21066",,,,,,,"Mat"
"F4L017R2",,"Topart - Products","simple",,,,,,,,,,,,,,,,,,,,"2in. Steel Blue Top Mat",,,,,,,,,,,,,,,,,,,,,"2in. Steel Blue Top Mat",,,,,,,,,,"0.0",,"2in. Steel Blue Top Mat",,,,,,,"1","2",,,,,,,,,,,,,,,,,,,,,,,,,,"1","1",,,,,,,,,,,,,,,,,,,,,,,,,,,,,,,,,,,,,,,,,,,,,,,,,,,,,,,,,"No","0.0","40.0","28.0","0.0","#7387a7","MatsColor",,,,,,,,,,,,,,"No","Yes",,,,,"2.0",,,"F21066",,,,,,,"Mat"
"F4L017R3",,"Topart - Products","simple",,,,,,,,,,,,,,,,,,,,"3in. Steel Blue Top Mat",,,,,,,,,,,,,,,,,,,,,"3in. Steel Blue Top Mat",,,,,,,,,,"0.0",,"3in. Steel Blue Top Mat",,,,,,,"1","2",,,,,,,,,,,,,,,,,,,,,,,,,,"1","1",,,,,,,,,,,,,,,,,,,,,,,,,,,,,,,,,,,,,,,,,,,,,,,,,,,,,,,,,"No","0.0","38.0","26.0","0.0","#7387a7","MatsColor",,,,,,,,,,,,,,"No","Yes",,,,,"3.0",,,"F21066",,,,,,,"Mat"
"F4L019R2",,"Topart - Products","simple",,,,,,,,,,,,,,,,,,,,"2in. Soft Blue Top Mat",,,,,,,,,,,,,,,,,,,,,"2in. Soft Blue Top Mat",,,,,,,,,,"0.0",,"2in. Soft Blue Top Mat",,,,,,,"1","2",,,,,,,,,,,,,,,,,,,,,,,,,,"1","1",,,,,,,,,,,,,,,,,,,,,,,,,,,,,,,,,,,,,,,,,,,,,,,,,,,,,,,,,"No","0.0","40.0","28.0","0.0","#87a3be","MatsColor",,,,,,,,,,,,,,"No","Yes",,,,,"2.0",,,"F21066",,,,,,,"Mat"
"F4L019R3",,"Topart - Products","simple",,,,,,,,,,,,,,,,,,,,"3in. Soft Blue Top Mat",,,,,,,,,,,,,,,,,,,,,"3in. Soft Blue Top Mat",,,,,,,,,,"0.0",,"3in. Soft Blue Top Mat",,,,,,,"1","2",,,,,,,,,,,,,,,,,,,,,,,,,,"1","1",,,,,,,,,,,,,,,,,,,,,,,,,,,,,,,,,,,,,,,,,,,,,,,,,,,,,,,,,"No","0.0","38.0","26.0","0.0","#87a3be","MatsColor",,,,,,,,,,,,,,"No","Yes",,,,,"3.0",,,"F21066",,,,,,,"Mat"
"F4L020R2",,"Topart - Products","simple",,,,,,,,,,,,,,,,,,,,"2in. Nautica Top Mat",,,,,,,,,,,,,,,,,,,,,"2in. Nautica Top Mat",,,,,,,,,,"0.0",,"2in. Nautica Top Mat",,,,,,,"1","2",,,,,,,,,,,,,,,,,,,,,,,,,,"1","1",,,,,,,,,,,,,,,,,,,,,,,,,,,,,,,,,,,,,,,,,,,,,,,,,,,,,,,,,"No","0.0","40.0","28.0","0.0","#6f80a2","MatsColor",,,,,,,,,,,,,,"No","Yes",,,,,"2.0",,,"F21066",,,,,,,"Mat"
"F4L020R3",,"Topart - Products","simple",,,,,,,,,,,,,,,,,,,,"3in. Nautica Top Mat",,,,,,,,,,,,,,,,,,,,,"3in. Nautica Top Mat",,,,,,,,,,"0.0",,"3in. Nautica Top Mat",,,,,,,"1","2",,,,,,,,,,,,,,,,,,,,,,,,,,"1","1",,,,,,,,,,,,,,,,,,,,,,,,,,,,,,,,,,,,,,,,,,,,,,,,,,,,,,,,,"No","0.0","38.0","26.0","0.0","#6f80a2","MatsColor",,,,,,,,,,,,,,"No","Yes",,,,,"3.0",,,"F21066",,,,,,,"Mat"
"F4L036R2",,"Topart - Products","simple",,,,,,,,,,,,,,,,,,,,"2in. Rose Petal Top Mat",,,,,,,,,,,,,,,,,,,,,"2in. Rose Petal Top Mat",,,,,,,,,,"0.0",,"2in. Rose Petal Top Mat",,,,,,,"1","2",,,,,,,,,,,,,,,,,,,,,,,,,,"1","1",,,,,,,,,,,,,,,,,,,,,,,,,,,,,,,,,,,,,,,,,,,,,,,,,,,,,,,,,"No","0.0","40.0","28.0","0.0","#e7c8cd","MatsColor",,,,,,,,,,,,,,"No","Yes",,,,,"2.0",,,"F21066",,,,,,,"Mat"
"F4L036R3",,"Topart - Products","simple",,,,,,,,,,,,,,,,,,,,"3in. Rose Petal Top Mat",,,,,,,,,,,,,,,,,,,,,"3in. Rose Petal Top Mat",,,,,,,,,,"0.0",,"3in. Rose Petal Top Mat",,,,,,,"1","2",,,,,,,,,,,,,,,,,,,,,,,,,,"1","1",,,,,,,,,,,,,,,,,,,,,,,,,,,,,,,,,,,,,,,,,,,,,,,,,,,,,,,,,"No","0.0","38.0","26.0","0.0","#e7c8cd","MatsColor",,,,,,,,,,,,,,"No","Yes",,,,,"3.0",,,"F21066",,,,,,,"Mat"
"F4L041R2",,"Topart - Products","simple",,,,,,,,,,,,,,,,,,,,"2in. Linen Butter Top Mat",,,,,,,,,,,,,,,,,,,,,"2in. Linen Butter Top Mat",,,,,,,,,,"0.0",,"2in. Linen Butter Top Mat",,,,,,,"1","2",,,,,,,,,,,,,,,,,,,,,,,,,,"1","1",,,,,,,,,,,,,,,,,,,,,,,,,,,,,,,,,,,,,,,,,,,,,,,,,,,,,,,,,"No","0.0","40.0","28.0","0.0","#f6f2dc","MatsNeutral",,,,,,,,,,,,,,"No","Yes",,,,,"2.0",,,"F21066",,,,,,,"Mat"
"F4L041R3",,"Topart - Products","simple",,,,,,,,,,,,,,,,,,,,"3in. Linen Butter Top Mat",,,,,,,,,,,,,,,,,,,,,"3in. Linen Butter Top Mat",,,,,,,,,,"0.0",,"3in. Linen Butter Top Mat",,,,,,,"1","2",,,,,,,,,,,,,,,,,,,,,,,,,,"1","1",,,,,,,,,,,,,,,,,,,,,,,,,,,,,,,,,,,,,,,,,,,,,,,,,,,,,,,,,"No","0.0","38.0","26.0","0.0","#f6f2dc","MatsNeutral",,,,,,,,,,,,,,"No","Yes",,,,,"3.0",,,"F21066",,,,,,,"Mat"
"F4L062O3",,"Topart - Products","simple",,,,,,,,,,,,,,,,,,,,"3in. Clover Oversize Top Mat",,,,,,,,,,,,,,,,,,,,,"3in. Clover Oversize Top Mat",,,,,,,,,,"0.0",,"3in. Clover Oversize Top Mat",,,,,,,"1","2",,,,,,,,,,,,,,,,,,,,,,,,,,"1","1",,,,,,,,,,,,,,,,,,,,,,,,,,,,,,,,,,,,,,,,,,,,,,,,,,,,,,,,,"No","0.0","54.0","34.0","0.0","#a0a791","MatsColorOS",,,,,,,,,,,,,,"No","Yes",,,,,"3.0",,,"F21066",,,,,,,"Mat"
"F4L062R2",,"Topart - Products","simple",,,,,,,,,,,,,,,,,,,,"2in. Clover Top Mat",,,,,,,,,,,,,,,,,,,,,"2in. Clover Top Mat",,,,,,,,,,"0.0",,"2in. Clover Top Mat",,,,,,,"1","2",,,,,,,,,,,,,,,,,,,,,,,,,,"1","1",,,,,,,,,,,,,,,,,,,,,,,,,,,,,,,,,,,,,,,,,,,,,,,,,,,,,,,,,"No","0.0","40.0","28.0","0.0","#a0a791","MatsColor",,,,,,,,,,,,,,"No","Yes",,,,,"2.0",,,"F21066",,,,,,,"Mat"
"F4L062R3",,"Topart - Products","simple",,,,,,,,,,,,,,,,,,,,"3in. Clover Top Mat",,,,,,,,,,,,,,,,,,,,,"3in. Clover Top Mat",,,,,,,,,,"0.0",,"3in. Clover Top Mat",,,,,,,"1","2",,,,,,,,,,,,,,,,,,,,,,,,,,"1","1",,,,,,,,,,,,,,,,,,,,,,,,,,,,,,,,,,,,,,,,,,,,,,,,,,,,,,,,,"No","0.0","38.0","26.0","0.0","#a0a791","MatsColor",,,,,,,,,,,,,,"No","Yes",,,,,"3.0",,,"F21066",,,,,,,"Mat"
"F4L078R2",,"Topart - Products","simple",,,,,,,,,,,,,,,,,,,,"2in. Autumn Gray Top Mat",,,,,,,,,,,,,,,,,,,,,"2in. Autumn Gray Top Mat",,,,,,,,,,"0.0",,"2in. Autumn Gray Top Mat",,,,,,,"1","2",,,,,,,,,,,,,,,,,,,,,,,,,,"1","1",,,,,,,,,,,,,,,,,,,,,,,,,,,,,,,,,,,,,,,,,,,,,,,,,,,,,,,,,"No","0.0","40.0","28.0","0.0","#d3d0b6","MatsNeutral",,,,,,,,,,,,,,"No","Yes",,,,,"2.0",,,"F21066",,,,,,,"Mat"
"F4L078R3",,"Topart - Products","simple",,,,,,,,,,,,,,,,,,,,"3in. Autumn Gray Top Mat",,,,,,,,,,,,,,,,,,,,,"3in. Autumn Gray Top Mat",,,,,,,,,,"0.0",,"3in. Autumn Gray Top Mat",,,,,,,"1","2",,,,,,,,,,,,,,,,,,,,,,,,,,"1","1",,,,,,,,,,,,,,,,,,,,,,,,,,,,,,,,,,,,,,,,,,,,,,,,,,,,,,,,,"No","0.0","38.0","26.0","0.0","#d3d0b6","MatsNeutral",,,,,,,,,,,,,,"No","Yes",,,,,"3.0",,,"F21066",,,,,,,"Mat"
"F4L080O3",,"Topart - Products","simple",,,,,,,,,,,,,,,,,,,,"3in. Chocolate Oversize Top Ma",,,,,,,,,,,,,,,,,,,,,"3in. Chocolate Oversize Top Ma",,,,,,,,,,"0.0",,"3in. Chocolate Oversize Top Ma",,,,,,,"1","2",,,,,,,,,,,,,,,,,,,,,,,,,,"1","1",,,,,,,,,,,,,,,,,,,,,,,,,,,,,,,,,,,,,,,,,,,,,,,,,,,,,,,,,"No","0.0","54.0","34.0","0.0","#7a4e32","MatsColorOS",,,,,,,,,,,,,,"No","Yes",,,,,"3.0",,,"F21066",,,,,,,"Mat"
"F4L080R2",,"Topart - Products","simple",,,,,,,,,,,,,,,,,,,,"2in. Chocolate Top Mat",,,,,,,,,,,,,,,,,,,,,"2in. Chocolate Top Mat",,,,,,,,,,"0.0",,"2in. Chocolate Top Mat",,,,,,,"1","2",,,,,,,,,,,,,,,,,,,,,,,,,,"1","1",,,,,,,,,,,,,,,,,,,,,,,,,,,,,,,,,,,,,,,,,,,,,,,,,,,,,,,,,"No","0.0","40.0","28.0","0.0","#7a4e32","MatsBlack",,,,,,,,,,,,,,"No","Yes",,,,,"2.0",,,"F21066",,,,,,,"Mat"
"F4L080R3",,"Topart - Products","simple",,,,,,,,,,,,,,,,,,,,"3in. Chocolate Top Mat",,,,,,,,,,,,,,,,,,,,,"3in. Chocolate Top Mat",,,,,,,,,,"0.0",,"3in. Chocolate Top Mat",,,,,,,"1","2",,,,,,,,,,,,,,,,,,,,,,,,,,"1","1",,,,,,,,,,,,,,,,,,,,,,,,,,,,,,,,,,,,,,,,,,,,,,,,,,,,,,,,,"No","0.0","38.0","26.0","0.0","#7a4e32","MatsBlack",,,,,,,,,,,,,,"No","Yes",,,,,"3.0",,,"F21066",,,,,,,"Mat"
"F4L090R2",,"Topart - Products","simple",,,,,,,,,,,,,,,,,,,,"2in. Sunflower Top Mat",,,,,,,,,,,,,,,,,,,,,"2in. Sunflower Top Mat",,,,,,,,,,"0.0",,"2in. Sunflower Top Mat",,,,,,,"1","2",,,,,,,,,,,,,,,,,,,,,,,,,,"1","1",,,,,,,,,,,,,,,,,,,,,,,,,,,,,,,,,,,,,,,,,,,,,,,,,,,,,,,,,"No","0.0","40.0","28.0","0.0","#e1a225","MatsColor",,,,,,,,,,,,,,"No","Yes",,,,,"2.0",,,"F21066",,,,,,,"Mat"
"F4L090R3",,"Topart - Products","simple",,,,,,,,,,,,,,,,,,,,"3in. Sunflower Top Mat",,,,,,,,,,,,,,,,,,,,,"3in. Sunflower Top Mat",,,,,,,,,,"0.0",,"3in. Sunflower Top Mat",,,,,,,"1","2",,,,,,,,,,,,,,,,,,,,,,,,,,"1","1",,,,,,,,,,,,,,,,,,,,,,,,,,,,,,,,,,,,,,,,,,,,,,,,,,,,,,,,,"No","0.0","38.0","26.0","0.0","#e1a225","MatsColor",,,,,,,,,,,,,,"No","Yes",,,,,"3.0",,,"F21066",,,,,,,"Mat"
"F4L091R2",,"Topart - Products","simple",,,,,,,,,,,,,,,,,,,,"2in. Lilac Top Mat",,,,,,,,,,,,,,,,,,,,,"2in. Lilac Top Mat",,,,,,,,,,"0.0",,"2in. Lilac Top Mat",,,,,,,"1","2",,,,,,,,,,,,,,,,,,,,,,,,,,"1","1",,,,,,,,,,,,,,,,,,,,,,,,,,,,,,,,,,,,,,,,,,,,,,,,,,,,,,,,,"No","0.0","40.0","28.0","0.0","#decee2","MatsColor",,,,,,,,,,,,,,"No","Yes",,,,,"2.0",,,"F21066",,,,,,,"Mat"
"F4L091R3",,"Topart - Products","simple",,,,,,,,,,,,,,,,,,,,"3in. Lilac Top Mat",,,,,,,,,,,,,,,,,,,,,"3in. Lilac Top Mat",,,,,,,,,,"0.0",,"3in. Lilac Top Mat",,,,,,,"1","2",,,,,,,,,,,,,,,,,,,,,,,,,,"1","1",,,,,,,,,,,,,,,,,,,,,,,,,,,,,,,,,,,,,,,,,,,,,,,,,,,,,,,,,"No","0.0","38.0","26.0","0.0","#decee2","MatsColor",,,,,,,,,,,,,,"No","Yes",,,,,"3.0",,,"F21066",,,,,,,"Mat"
"F4L1201R2",,"Topart - Products","simple",,,,,,,,,,,,,,,,,,,,"2in. Mist Top Mat",,,,,,,,,,,,,,,,,,,,,"2in. Mist Top Mat",,,,,,,,,,"0.0",,"2in. Mist Top Mat",,,,,,,"1","2",,,,,,,,,,,,,,,,,,,,,,,,,,"1","1",,,,,,,,,,,,,,,,,,,,,,,,,,,,,,,,,,,,,,,,,,,,,,,,,,,,,,,,,"No","0.0","40.0","28.0","0.0","#aaad9f","MatsColor",,,,,,,,,,,,,,"No","Yes",,,,,"2.0",,,"F21066",,,,,,,"Mat"
"F4L1201R3",,"Topart - Products","simple",,,,,,,,,,,,,,,,,,,,"3in. Mist Top Mat",,,,,,,,,,,,,,,,,,,,,"3in. Mist Top Mat",,,,,,,,,,"0.0",,"3in. Mist Top Mat",,,,,,,"1","2",,,,,,,,,,,,,,,,,,,,,,,,,,"1","1",,,,,,,,,,,,,,,,,,,,,,,,,,,,,,,,,,,,,,,,,,,,,,,,,,,,,,,,,"No","0.0","38.0","26.0","0.0","#aaad9f","MatsColor",,,,,,,,,,,,,,"No","Yes",,,,,"3.0",,,"F21066",,,,,,,"Mat"
"F4L1204R2",,"Topart - Products","simple",,,,,,,,,,,,,,,,,,,,"2in. Twilight Top Mat",,,,,,,,,,,,,,,,,,,,,"2in. Twilight Top Mat",,,,,,,,,,"0.0",,"2in. Twilight Top Mat",,,,,,,"1","2",,,,,,,,,,,,,,,,,,,,,,,,,,"1","1",,,,,,,,,,,,,,,,,,,,,,,,,,,,,,,,,,,,,,,,,,,,,,,,,,,,,,,,,"No","0.0","40.0","28.0","0.0","#577a84","MatsColor",,,,,,,,,,,,,,"No","Yes",,,,,"2.0",,,"F21066",,,,,,,"Mat"
"F4L1204R3",,"Topart - Products","simple",,,,,,,,,,,,,,,,,,,,"3in. Twilight Top Mat",,,,,,,,,,,,,,,,,,,,,"3in. Twilight Top Mat",,,,,,,,,,"0.0",,"3in. Twilight Top Mat",,,,,,,"1","2",,,,,,,,,,,,,,,,,,,,,,,,,,"1","1",,,,,,,,,,,,,,,,,,,,,,,,,,,,,,,,,,,,,,,,,,,,,,,,,,,,,,,,,"No","0.0","38.0","26.0","0.0","#577a84","MatsColor",,,,,,,,,,,,,,"No","Yes",,,,,"3.0",,,"F21066",,,,,,,"Mat"
"F4L1205R2",,"Topart - Products","simple",,,,,,,,,,,,,,,,,,,,"2in. Claret Top Mat",,,,,,,,,,,,,,,,,,,,,"2in. Claret Top Mat",,,,,,,,,,"0.0",,"2in. Claret Top Mat",,,,,,,"1","2",,,,,,,,,,,,,,,,,,,,,,,,,,"1","1",,,,,,,,,,,,,,,,,,,,,,,,,,,,,,,,,,,,,,,,,,,,,,,,,,,,,,,,,"No","0.0","40.0","28.0","0.0","#993333","MatsColor",,,,,,,,,,,,,,"No","Yes",,,,,"2.0",,,"F21066",,,,,,,"Mat"
"F4L1205R3",,"Topart - Products","simple",,,,,,,,,,,,,,,,,,,,"3in. Claret Top Mat",,,,,,,,,,,,,,,,,,,,,"3in. Claret Top Mat",,,,,,,,,,"0.0",,"3in. Claret Top Mat",,,,,,,"1","2",,,,,,,,,,,,,,,,,,,,,,,,,,"1","1",,,,,,,,,,,,,,,,,,,,,,,,,,,,,,,,,,,,,,,,,,,,,,,,,,,,,,,,,"No","0.0","38.0","26.0","0.0","#993333","MatsColor",,,,,,,,,,,,,,"No","Yes",,,,,"3.0",,,"F21066",,,,,,,"Mat"
"F4L1207R2",,"Topart - Products","simple",,,,,,,,,,,,,,,,,,,,"2in. Indigo Top Mat",,,,,,,,,,,,,,,,,,,,,"2in. Indigo Top Mat",,,,,,,,,,"0.0",,"2in. Indigo Top Mat",,,,,,,"1","2",,,,,,,,,,,,,,,,,,,,,,,,,,"1","1",,,,,,,,,,,,,,,,,,,,,,,,,,,,,,,,,,,,,,,,,,,,,,,,,,,,,,,,,"No","0.0","40.0","28.0","0.0","#4b0082","MatsColor",,,,,,,,,,,,,,"No","Yes",,,,,"2.0",,,"F21066",,,,,,,"Mat"
"F4L1207R3",,"Topart - Products","simple",,,,,,,,,,,,,,,,,,,,"3in. Indigo Top Mat",,,,,,,,,,,,,,,,,,,,,"3in. Indigo Top Mat",,,,,,,,,,"0.0",,"3in. Indigo Top Mat",,,,,,,"1","2",,,,,,,,,,,,,,,,,,,,,,,,,,"1","1",,,,,,,,,,,,,,,,,,,,,,,,,,,,,,,,,,,,,,,,,,,,,,,,,,,,,,,,,"No","0.0","38.0","26.0","0.0","#4b0082","MatsColor",,,,,,,,,,,,,,"No","Yes",,,,,"3.0",,,"F21066",,,,,,,"Mat"
"F4L1208R2",,"Topart - Products","simple",,,,,,,,,,,,,,,,,,,,"2in. Onyx Top Mat",,,,,,,,,,,,,,,,,,,,,"2in. Onyx Top Mat",,,,,,,,,,"0.0",,"2in. Onyx Top Mat",,,,,,,"1","2",,,,,,,,,,,,,,,,,,,,,,,,,,"1","1",,,,,,,,,,,,,,,,,,,,,,,,,,,,,,,,,,,,,,,,,,,,,,,,,,,,,,,,,"No","0.0","40.0","28.0","0.0","#000000","MatsBlack",,,,,,,,,,,,,,"No","Yes",,,,,"2.0",,,"F21066",,,,,,,"Mat"
"F4L1208R3",,"Topart - Products","simple",,,,,,,,,,,,,,,,,,,,"3in. Onyx Top Mat",,,,,,,,,,,,,,,,,,,,,"3in. Onyx Top Mat",,,,,,,,,,"0.0",,"3in. Onyx Top Mat",,,,,,,"1","2",,,,,,,,,,,,,,,,,,,,,,,,,,"1","1",,,,,,,,,,,,,,,,,,,,,,,,,,,,,,,,,,,,,,,,,,,,,,,,,,,,,,,,,"No","0.0","38.0","26.0","0.0","#000000","MatsBlack",,,,,,,,,,,,,,"No","Yes",,,,,"3.0",,,"F21066",,,,,,,"Mat"
"F4L1209R2",,"Topart - Products","simple",,,,,,,,,,,,,,,,,,,,"2in. Classic Red Top Mat",,,,,,,,,,,,,,,,,,,,,"2in. Classic Red Top Mat",,,,,,,,,,"0.0",,"2in. Classic Red Top Mat",,,,,,,"1","2",,,,,,,,,,,,,,,,,,,,,,,,,,"1","1",,,,,,,,,,,,,,,,,,,,,,,,,,,,,,,,,,,,,,,,,,,,,,,,,,,,,,,,,"No","0.0","40.0","28.0","0.0","#ff0000","MatsColor",,,,,,,,,,,,,,"No","Yes",,,,,"2.0",,,"F21066",,,,,,,"Mat"
"F4L1209R3",,"Topart - Products","simple",,,,,,,,,,,,,,,,,,,,"3in. Classic Red Top Mat",,,,,,,,,,,,,,,,,,,,,"3in. Classic Red Top Mat",,,,,,,,,,"0.0",,"3in. Classic Red Top Mat",,,,,,,"1","2",,,,,,,,,,,,,,,,,,,,,,,,,,"1","1",,,,,,,,,,,,,,,,,,,,,,,,,,,,,,,,,,,,,,,,,,,,,,,,,,,,,,,,,"No","0.0","38.0","26.0","0.0","#ff0000","MatsColor",,,,,,,,,,,,,,"No","Yes",,,,,"3.0",,,"F21066",,,,,,,"Mat"
"F4L1210R2",,"Topart - Products","simple",,,,,,,,,,,,,,,,,,,,"2in. Cobalt Top Mat",,,,,,,,,,,,,,,,,,,,,"2in. Cobalt Top Mat",,,,,,,,,,"0.0",,"2in. Cobalt Top Mat",,,,,,,"1","2",,,,,,,,,,,,,,,,,,,,,,,,,,"1","1",,,,,,,,,,,,,,,,,,,,,,,,,,,,,,,,,,,,,,,,,,,,,,,,,,,,,,,,,"No","0.0","40.0","28.0","0.0","#a1a9b4","MatsColor",,,,,,,,,,,,,,"No","Yes",,,,,"2.0",,,"F21066",,,,,,,"Mat"
"F4L1210R3",,"Topart - Products","simple",,,,,,,,,,,,,,,,,,,,"3in. Cobalt Top Mat",,,,,,,,,,,,,,,,,,,,,"3in. Cobalt Top Mat",,,,,,,,,,"0.0",,"3in. Cobalt Top Mat",,,,,,,"1","2",,,,,,,,,,,,,,,,,,,,,,,,,,"1","1",,,,,,,,,,,,,,,,,,,,,,,,,,,,,,,,,,,,,,,,,,,,,,,,,,,,,,,,,"No","0.0","38.0","26.0","0.0","#a1a9b4","MatsColor",,,,,,,,,,,,,,"No","Yes",,,,,"3.0",,,"F21066",,,,,,,"Mat"
"F4L1211R2",,"Topart - Products","simple",,,,,,,,,,,,,,,,,,,,"2in. Forest Top Mat",,,,,,,,,,,,,,,,,,,,,"2in. Forest Top Mat",,,,,,,,,,"0.0",,"2in. Forest Top Mat",,,,,,,"1","2",,,,,,,,,,,,,,,,,,,,,,,,,,"1","1",,,,,,,,,,,,,,,,,,,,,,,,,,,,,,,,,,,,,,,,,,,,,,,,,,,,,,,,,"No","0.0","40.0","28.0","0.0","#336666","MatsColor",,,,,,,,,,,,,,"No","Yes",,,,,"2.0",,,"F21066",,,,,,,"Mat"
"F4L1211R3",,"Topart - Products","simple",,,,,,,,,,,,,,,,,,,,"3in. Forest Top Mat",,,,,,,,,,,,,,,,,,,,,"3in. Forest Top Mat",,,,,,,,,,"0.0",,"3in. Forest Top Mat",,,,,,,"1","2",,,,,,,,,,,,,,,,,,,,,,,,,,"1","1",,,,,,,,,,,,,,,,,,,,,,,,,,,,,,,,,,,,,,,,,,,,,,,,,,,,,,,,,"No","0.0","38.0","26.0","0.0","#336666","MatsColor",,,,,,,,,,,,,,"No","Yes",,,,,"3.0",,,"F21066",,,,,,,"Mat"
"F4L208R2",,"Topart - Products","simple",,,,,,,,,,,,,,,,,,,,"2in. Chino Parchment Top Mat",,,,,,,,,,,,,,,,,,,,,"2in. Chino Parchment Top Mat",,,,,,,,,,"0.0",,"2in. Chino Parchment Top Mat",,,,,,,"1","2",,,,,,,,,,,,,,,,,,,,,,,,,,"1","1",,,,,,,,,,,,,,,,,,,,,,,,,,,,,,,,,,,,,,,,,,,,,,,,,,,,,,,,,"No","0.0","40.0","28.0","0.0","#fcf7e3","MatsNeutral",,,,,,,,,,,,,,"No","Yes",,,,,"2.0",,,"F21066",,,,,,,"Mat"
"F4L208R3",,"Topart - Products","simple",,,,,,,,,,,,,,,,,,,,"3in. Chino Parchment Top Mat",,,,,,,,,,,,,,,,,,,,,"3in. Chino Parchment Top Mat",,,,,,,,,,"0.0",,"3in. Chino Parchment Top Mat",,,,,,,"1","2",,,,,,,,,,,,,,,,,,,,,,,,,,"1","1",,,,,,,,,,,,,,,,,,,,,,,,,,,,,,,,,,,,,,,,,,,,,,,,,,,,,,,,,"No","0.0","38.0","26.0","0.0","#fcf7e3","MatsNeutral",,,,,,,,,,,,,,"No","Yes",,,,,"3.0",,,"F21066",,,,,,,"Mat"
"F4L214R2",,"Topart - Products","simple",,,,,,,,,,,,,,,,,,,,"2in. Antique Parchment Top Mat",,,,,,,,,,,,,,,,,,,,,"2in. Antique Parchment Top Mat",,,,,,,,,,"0.0",,"2in. Antique Parchment Top Mat",,,,,,,"1","2",,,,,,,,,,,,,,,,,,,,,,,,,,"1","1",,,,,,,,,,,,,,,,,,,,,,,,,,,,,,,,,,,,,,,,,,,,,,,,,,,,,,,,,"No","0.0","40.0","28.0","0.0","#ede7cd","MatsNeutral",,,,,,,,,,,,,,"No","Yes",,,,,"2.0",,,"F21066",,,,,,,"Mat"
"F4L214R3",,"Topart - Products","simple",,,,,,,,,,,,,,,,,,,,"3in. Antique Parchment Top Mat",,,,,,,,,,,,,,,,,,,,,"3in. Antique Parchment Top Mat",,,,,,,,,,"0.0",,"3in. Antique Parchment Top Mat",,,,,,,"1","2",,,,,,,,,,,,,,,,,,,,,,,,,,"1","1",,,,,,,,,,,,,,,,,,,,,,,,,,,,,,,,,,,,,,,,,,,,,,,,,,,,,,,,,"No","0.0","38.0","26.0","0.0","#ede7cd","MatsNeutral",,,,,,,,,,,,,,"No","Yes",,,,,"3.0",,,"F21066",,,,,,,"Mat"
"F4L277O3",,"Topart - Products","simple",,,,,,,,,,,,,,,,,,,,"3in. Chestnut Oversize Top Mat",,,,,,,,,,,,,,,,,,,,,"3in. Chestnut Oversize Top Mat",,,,,,,,,,"0.0",,"3in. Chestnut Oversize Top Mat",,,,,,,"1","2",,,,,,,,,,,,,,,,,,,,,,,,,,"1","1",,,,,,,,,,,,,,,,,,,,,,,,,,,,,,,,,,,,,,,,,,,,,,,,,,,,,,,,,"No","0.0","54.0","34.0","0.0","#915943","MatsColorOS",,,,,,,,,,,,,,"No","Yes",,,,,"3.0",,,"F21066",,,,,,,"Mat"
"F4L281R2",,"Topart - Products","simple",,,,,,,,,,,,,,,,,,,,"2in. Ivory Top Mat",,,,,,,,,,,,,,,,,,,,,"2in. Ivory Top Mat",,,,,,,,,,"0.0",,"2in. Ivory Top Mat",,,,,,,"1","2",,,,,,,,,,,,,,,,,,,,,,,,,,"1","1",,,,,,,,,,,,,,,,,,,,,,,,,,,,,,,,,,,,,,,,,,,,,,,,,,,,,,,,,"No","0.0","40.0","28.0","0.0","#fcf5d6","MatsWhite",,,,,,,,,,,,,,"No","Yes",,,,,"2.0",,,"F21066",,,,,,,"Mat"
"F4L281R3",,"Topart - Products","simple",,,,,,,,,,,,,,,,,,,,"3in. Ivory Top Mat",,,,,,,,,,,,,,,,,,,,,"3in. Ivory Top Mat",,,,,,,,,,"0.0",,"3in. Ivory Top Mat",,,,,,,"1","2",,,,,,,,,,,,,,,,,,,,,,,,,,"1","1",,,,,,,,,,,,,,,,,,,,,,,,,,,,,,,,,,,,,,,,,,,,,,,,,,,,,,,,,"No","0.0","38.0","26.0","0.0","#fcf5d6","MatsWhite",,,,,,,,,,,,,,"No","Yes",,,,,"3.0",,,"F21066",,,,,,,"Mat"
"F4L282O3",,"Topart - Products","simple",,,,,,,,,,,,,,,,,,,,"3in. Scarlet Oversize Top Mat",,,,,,,,,,,,,,,,,,,,,"3in. Scarlet Oversize Top Mat",,,,,,,,,,"0.0",,"3in. Scarlet Oversize Top Mat",,,,,,,"1","2",,,,,,,,,,,,,,,,,,,,,,,,,,"1","1",,,,,,,,,,,,,,,,,,,,,,,,,,,,,,,,,,,,,,,,,,,,,,,,,,,,,,,,,"No","0.0","54.0","34.0","0.0","#b66768","MatsColorOS",,,,,,,,,,,,,,"No","Yes",,,,,"3.0",,,"F21066",,,,,,,"Mat"
"F4L285R2",,"Topart - Products","simple",,,,,,,,,,,,,,,,,,,,"2in. Spanish Gray Top Mat",,,,,,,,,,,,,,,,,,,,,"2in. Spanish Gray Top Mat",,,,,,,,,,"0.0",,"2in. Spanish Gray Top Mat",,,,,,,"1","2",,,,,,,,,,,,,,,,,,,,,,,,,,"1","1",,,,,,,,,,,,,,,,,,,,,,,,,,,,,,,,,,,,,,,,,,,,,,,,,,,,,,,,,"No","0.0","40.0","28.0","0.0","#dbd0c8","MatsNeutral",,,,,,,,,,,,,,"No","Yes",,,,,"2.0",,,"F21066",,,,,,,"Mat"
"F4L285R3",,"Topart - Products","simple",,,,,,,,,,,,,,,,,,,,"3in. Spanish Gray Top Mat",,,,,,,,,,,,,,,,,,,,,"3in. Spanish Gray Top Mat",,,,,,,,,,"0.0",,"3in. Spanish Gray Top Mat",,,,,,,"1","2",,,,,,,,,,,,,,,,,,,,,,,,,,"1","1",,,,,,,,,,,,,,,,,,,,,,,,,,,,,,,,,,,,,,,,,,,,,,,,,,,,,,,,,"No","0.0","38.0","26.0","0.0","#dbd0c8","MatsNeutral",,,,,,,,,,,,,,"No","Yes",,,,,"3.0",,,"F21066",,,,,,,"Mat"
"F4L306R2",,"Topart - Products","simple",,,,,,,,,,,,,,,,,,,,"2in. Egg Crème Top Mat",,,,,,,,,,,,,,,,,,,,,"2in. Egg Crème Top Mat",,,,,,,,,,"0.0",,"2in. Egg Crème Top Mat",,,,,,,"1","2",,,,,,,,,,,,,,,,,,,,,,,,,,"1","1",,,,,,,,,,,,,,,,,,,,,,,,,,,,,,,,,,,,,,,,,,,,,,,,,,,,,,,,,"No","0.0","40.0","28.0","0.0","#f8f0c6","MatsNeutral",,,,,,,,,,,,,,"No","Yes",,,,,"2.0",,,"F21066",,,,,,,"Mat"
"F4L306R3",,"Topart - Products","simple",,,,,,,,,,,,,,,,,,,,"3in. Egg Crème Top Mat",,,,,,,,,,,,,,,,,,,,,"3in. Egg Crème Top Mat",,,,,,,,,,"0.0",,"3in. Egg Crème Top Mat",,,,,,,"1","2",,,,,,,,,,,,,,,,,,,,,,,,,,"1","1",,,,,,,,,,,,,,,,,,,,,,,,,,,,,,,,,,,,,,,,,,,,,,,,,,,,,,,,,"No","0.0","38.0","26.0","0.0","#f8f0c6","MatsNeutral",,,,,,,,,,,,,,"No","Yes",,,,,"3.0",,,"F21066",,,,,,,"Mat"
"F4L312R2",,"Topart - Products","simple",,,,,,,,,,,,,,,,,,,,"2in. Purple Top Mat",,,,,,,,,,,,,,,,,,,,,"2in. Purple Top Mat",,,,,,,,,,"0.0",,"2in. Purple Top Mat",,,,,,,"1","2",,,,,,,,,,,,,,,,,,,,,,,,,,"1","1",,,,,,,,,,,,,,,,,,,,,,,,,,,,,,,,,,,,,,,,,,,,,,,,,,,,,,,,,"No","0.0","40.0","28.0","0.0","#72659b","MatsColor",,,,,,,,,,,,,,"No","Yes",,,,,"2.0",,,"F21066",,,,,,,"Mat"
"F4L312R3",,"Topart - Products","simple",,,,,,,,,,,,,,,,,,,,"3in. Purple Top Mat",,,,,,,,,,,,,,,,,,,,,"3in. Purple Top Mat",,,,,,,,,,"0.0",,"3in. Purple Top Mat",,,,,,,"1","2",,,,,,,,,,,,,,,,,,,,,,,,,,"1","1",,,,,,,,,,,,,,,,,,,,,,,,,,,,,,,,,,,,,,,,,,,,,,,,,,,,,,,,,"No","0.0","38.0","26.0","0.0","#72659b","MatsColor",,,,,,,,,,,,,,"No","Yes",,,,,"3.0",,,"F21066",,,,,,,"Mat"
"F4L314R2",,"Topart - Products","simple",,,,,,,,,,,,,,,,,,,,"2in. Polo Green Top Mat",,,,,,,,,,,,,,,,,,,,,"2in. Polo Green Top Mat",,,,,,,,,,"0.0",,"2in. Polo Green Top Mat",,,,,,,"1","2",,,,,,,,,,,,,,,,,,,,,,,,,,"1","1",,,,,,,,,,,,,,,,,,,,,,,,,,,,,,,,,,,,,,,,,,,,,,,,,,,,,,,,,"No","0.0","40.0","28.0","0.0","#515f23","MatsColor",,,,,,,,,,,,,,"No","Yes",,,,,"2.0",,,"F21066",,,,,,,"Mat"
"F4L314R3",,"Topart - Products","simple",,,,,,,,,,,,,,,,,,,,"3in. Polo Green Top Mat",,,,,,,,,,,,,,,,,,,,,"3in. Polo Green Top Mat",,,,,,,,,,"0.0",,"3in. Polo Green Top Mat",,,,,,,"1","2",,,,,,,,,,,,,,,,,,,,,,,,,,"1","1",,,,,,,,,,,,,,,,,,,,,,,,,,,,,,,,,,,,,,,,,,,,,,,,,,,,,,,,,"No","0.0","38.0","26.0","0.0","#515f23","MatsColor",,,,,,,,,,,,,,"No","Yes",,,,,"3.0",,,"F21066",,,,,,,"Mat"
"F4L328O3",,"Topart - Products","simple",,,,,,,,,,,,,,,,,,,,"3in. Polar White Oversize Top",,,,,,,,,,,,,,,,,,,,,"3in. Polar White Oversize Top",,,,,,,,,,"0.0",,"3in. Polar White Oversize Top",,,,,,,"1","2",,,,,,,,,,,,,,,,,,,,,,,,,,"1","1",,,,,,,,,,,,,,,,,,,,,,,,,,,,,,,,,,,,,,,,,,,,,,,,,,,,,,,,,"No","0.0","54.0","34.0","0.0","#ffffff","MatsWhiteOS",,,,,,,,,,,,,,"No","Yes",,,,,"3.0",,,"F21066",,,,,,,"Mat"
"F4L328R2",,"Topart - Products","simple",,,,,,,,,,,,,,,,,,,,"2in. Polar White Top Mat",,,,,,,,,,,,,,,,,,,,,"2in. Polar White Top Mat",,,,,,,,,,"0.0",,"2in. Polar White Top Mat",,,,,,,"1","2",,,,,,,,,,,,,,,,,,,,,,,,,,"1","1",,,,,,,,,,,,,,,,,,,,,,,,,,,,,,,,,,,,,,,,,,,,,,,,,,,,,,,,,"No","0.0","40.0","28.0","0.0","#ffffff","MatsWhite",,,,,,,,,,,,,,"No","Yes",,,,,"2.0",,,"F21066",,,,,,,"Mat"
"F4L328R3",,"Topart - Products","simple",,,,,,,,,,,,,,,,,,,,"3in. Polar White Top Mat",,,,,,,,,,,,,,,,,,,,,"3in. Polar White Top Mat",,,,,,,,,,"0.0",,"3in. Polar White Top Mat",,,,,,,"1","2",,,,,,,,,,,,,,,,,,,,,,,,,,"1","1",,,,,,,,,,,,,,,,,,,,,,,,,,,,,,,,,,,,,,,,,,,,,,,,,,,,,,,,,"No","0.0","38.0","26.0","0.0","#ffffff","MatsWhite",,,,,,,,,,,,,,"No","Yes",,,,,"3.0",,,"F21066",,,,,,,"Mat"
"F4L404O3",,"Topart - Products","simple",,,,,,,,,,,,,,,,,,,,"3in. Colonial Tan Oversize Top",,,,,,,,,,,,,,,,,,,,,"3in. Colonial Tan Oversize Top",,,,,,,,,,"0.0",,"3in. Colonial Tan Oversize Top",,,,,,,"1","2",,,,,,,,,,,,,,,,,,,,,,,,,,"1","1",,,,,,,,,,,,,,,,,,,,,,,,,,,,,,,,,,,,,,,,,,,,,,,,,,,,,,,,,"No","0.0","54.0","34.0","0.0","#eec5b2","MatsNeutralOS",,,,,,,,,,,,,,"No","Yes",,,,,"3.0",,,"F21066",,,,,,,"Mat"
"F4L411O3",,"Topart - Products","simple",,,,,,,,,,,,,,,,,,,,"3in. Espresso Oversize Top Mat",,,,,,,,,,,,,,,,,,,,,"3in. Espresso Oversize Top Mat",,,,,,,,,,"0.0",,"3in. Espresso Oversize Top Mat",,,,,,,"1","2",,,,,,,,,,,,,,,,,,,,,,,,,,"1","1",,,,,,,,,,,,,,,,,,,,,,,,,,,,,,,,,,,,,,,,,,,,,,,,,,,,,,,,,"No","0.0","54.0","34.0","0.0","#47463a","MatsNeutralOS",,,,,,,,,,,,,,"No","Yes",,,,,"3.0",,,"F21066",,,,,,,"Mat"
"F4L411R2",,"Topart - Products","simple",,,,,,,,,,,,,,,,,,,,"2in. Espresso Top Mat",,,,,,,,,,,,,,,,,,,,,"2in. Espresso Top Mat",,,,,,,,,,"0.0",,"2in. Espresso Top Mat",,,,,,,"1","2",,,,,,,,,,,,,,,,,,,,,,,,,,"1","1",,,,,,,,,,,,,,,,,,,,,,,,,,,,,,,,,,,,,,,,,,,,,,,,,,,,,,,,,"No","0.0","40.0","28.0","0.0","#47463a","MatsBlack",,,,,,,,,,,,,,"No","Yes",,,,,"2.0",,,"F21066",,,,,,,"Mat"
"F4L411R3",,"Topart - Products","simple",,,,,,,,,,,,,,,,,,,,"3in. Espresso Top Mat",,,,,,,,,,,,,,,,,,,,,"3in. Espresso Top Mat",,,,,,,,,,"0.0",,"3in. Espresso Top Mat",,,,,,,"1","2",,,,,,,,,,,,,,,,,,,,,,,,,,"1","1",,,,,,,,,,,,,,,,,,,,,,,,,,,,,,,,,,,,,,,,,,,,,,,,,,,,,,,,,"No","0.0","38.0","26.0","0.0","#47463a","MatsBlack",,,,,,,,,,,,,,"No","Yes",,,,,"3.0",,,"F21066",,,,,,,"Mat"
"F4L422O3",,"Topart - Products","simple",,,,,,,,,,,,,,,,,,,,"3in. Bayberry OversizeTop Mat",,,,,,,,,,,,,,,,,,,,,"3in. Bayberry OversizeTop Mat",,,,,,,,,,"0.0",,"3in. Bayberry OversizeTop Mat",,,,,,,"1","2",,,,,,,,,,,,,,,,,,,,,,,,,,"1","1",,,,,,,,,,,,,,,,,,,,,,,,,,,,,,,,,,,,,,,,,,,,,,,,,,,,,,,,,"No","0.0","54.0","34.0","0.0","#bcc196","MatsColorOS",,,,,,,,,,,,,,"No","Yes",,,,,"3.0",,,"F21066",,,,,,,"Mat"
"F4L422R2",,"Topart - Products","simple",,,,,,,,,,,,,,,,,,,,"2in. Bayberry Top Mat",,,,,,,,,,,,,,,,,,,,,"2in. Bayberry Top Mat",,,,,,,,,,"0.0",,"2in. Bayberry Top Mat",,,,,,,"1","2",,,,,,,,,,,,,,,,,,,,,,,,,,"1","1",,,,,,,,,,,,,,,,,,,,,,,,,,,,,,,,,,,,,,,,,,,,,,,,,,,,,,,,,"No","0.0","40.0","28.0","0.0","#bcc196","MatsColor",,,,,,,,,,,,,,"No","Yes",,,,,"2.0",,,"F21066",,,,,,,"Mat"
"F4L422R3",,"Topart - Products","simple",,,,,,,,,,,,,,,,,,,,"3in. Bayberry Top Mat",,,,,,,,,,,,,,,,,,,,,"3in. Bayberry Top Mat",,,,,,,,,,"0.0",,"3in. Bayberry Top Mat",,,,,,,"1","2",,,,,,,,,,,,,,,,,,,,,,,,,,"1","1",,,,,,,,,,,,,,,,,,,,,,,,,,,,,,,,,,,,,,,,,,,,,,,,,,,,,,,,,"No","0.0","38.0","26.0","0.0","#bcc196","MatsColor",,,,,,,,,,,,,,"No","Yes",,,,,"3.0",,,"F21066",,,,,,,"Mat"
"F4L428R2",,"Topart - Products","simple",,,,,,,,,,,,,,,,,,,,"2in. Antique Blue Top Mat",,,,,,,,,,,,,,,,,,,,,"2in. Antique Blue Top Mat",,,,,,,,,,"0.0",,"2in. Antique Blue Top Mat",,,,,,,"1","2",,,,,,,,,,,,,,,,,,,,,,,,,,"1","1",,,,,,,,,,,,,,,,,,,,,,,,,,,,,,,,,,,,,,,,,,,,,,,,,,,,,,,,,"No","0.0","40.0","28.0","0.0","#7095b7","MatsColor",,,,,,,,,,,,,,"No","Yes",,,,,"2.0",,,"F21066",,,,,,,"Mat"
"F4L428R3",,"Topart - Products","simple",,,,,,,,,,,,,,,,,,,,"3in. Antique Blue Top Mat",,,,,,,,,,,,,,,,,,,,,"3in. Antique Blue Top Mat",,,,,,,,,,"0.0",,"3in. Antique Blue Top Mat",,,,,,,"1","2",,,,,,,,,,,,,,,,,,,,,,,,,,"1","1",,,,,,,,,,,,,,,,,,,,,,,,,,,,,,,,,,,,,,,,,,,,,,,,,,,,,,,,,"No","0.0","38.0","26.0","0.0","#7095b7","MatsColor",,,,,,,,,,,,,,"No","Yes",,,,,"3.0",,,"F21066",,,,,,,"Mat"
"F4L435R2",,"Topart - Products","simple",,,,,,,,,,,,,,,,,,,,"2in. Cavalry Red Top Mat",,,,,,,,,,,,,,,,,,,,,"2in. Cavalry Red Top Mat",,,,,,,,,,"0.0",,"2in. Cavalry Red Top Mat",,,,,,,"1","2",,,,,,,,,,,,,,,,,,,,,,,,,,"1","1",,,,,,,,,,,,,,,,,,,,,,,,,,,,,,,,,,,,,,,,,,,,,,,,,,,,,,,,,"No","0.0","40.0","28.0","0.0","#c03b4d","MatsColor",,,,,,,,,,,,,,"No","Yes",,,,,"2.0",,,"F21066",,,,,,,"Mat"
"F4L435R3",,"Topart - Products","simple",,,,,,,,,,,,,,,,,,,,"3in. Cavalry Red Top Mat",,,,,,,,,,,,,,,,,,,,,"3in. Cavalry Red Top Mat",,,,,,,,,,"0.0",,"3in. Cavalry Red Top Mat",,,,,,,"1","2",,,,,,,,,,,,,,,,,,,,,,,,,,"1","1",,,,,,,,,,,,,,,,,,,,,,,,,,,,,,,,,,,,,,,,,,,,,,,,,,,,,,,,,"No","0.0","38.0","26.0","0.0","#c03b4d","MatsColor",,,,,,,,,,,,,,"No","Yes",,,,,"3.0",,,"F21066",,,,,,,"Mat"
"F4L441O3",,"Topart - Products","simple",,,,,,,,,,,,,,,,,,,,"3in. Terracotta Oversize Top M",,,,,,,,,,,,,,,,,,,,,"3in. Terracotta Oversize Top M",,,,,,,,,,"0.0",,"3in. Terracotta Oversize Top M",,,,,,,"1","2",,,,,,,,,,,,,,,,,,,,,,,,,,"1","1",,,,,,,,,,,,,,,,,,,,,,,,,,,,,,,,,,,,,,,,,,,,,,,,,,,,,,,,,"No","0.0","54.0","34.0","0.0","#b97765","MatsColorOS",,,,,,,,,,,,,,"No","Yes",,,,,"3.0",,,"F21066",,,,,,,"Mat"
"F4L450R2",,"Topart - Products","simple",,,,,,,,,,,,,,,,,,,,"2in. Topsail White Top Mat",,,,,,,,,,,,,,,,,,,,,"2in. Topsail White Top Mat",,,,,,,,,,"0.0",,"2in. Topsail White Top Mat",,,,,,,"1","2",,,,,,,,,,,,,,,,,,,,,,,,,,"1","1",,,,,,,,,,,,,,,,,,,,,,,,,,,,,,,,,,,,,,,,,,,,,,,,,,,,,,,,,"No","0.0","40.0","28.0","0.0","#f5f5f5","MatsWhite",,,,,,,,,,,,,,"No","Yes",,,,,"2.0",,,"F21066",,,,,,,"Mat"
"F4L450R3",,"Topart - Products","simple",,,,,,,,,,,,,,,,,,,,"3in. Topsail White Top Mat",,,,,,,,,,,,,,,,,,,,,"3in. Topsail White Top Mat",,,,,,,,,,"0.0",,"3in. Topsail White Top Mat",,,,,,,"1","2",,,,,,,,,,,,,,,,,,,,,,,,,,"1","1",,,,,,,,,,,,,,,,,,,,,,,,,,,,,,,,,,,,,,,,,,,,,,,,,,,,,,,,,"No","0.0","38.0","26.0","0.0","#f5f5f5","MatsWhite",,,,,,,,,,,,,,"No","Yes",,,,,"3.0",,,"F21066",,,,,,,"Mat"
"F4L459O3",,"Topart - Products","simple",,,,,,,,,,,,,,,,,,,,"3in. Salem Black OversizeTop M",,,,,,,,,,,,,,,,,,,,,"3in. Salem Black OversizeTop M",,,,,,,,,,"0.0",,"3in. Salem Black OversizeTop M",,,,,,,"1","2",,,,,,,,,,,,,,,,,,,,,,,,,,"1","1",,,,,,,,,,,,,,,,,,,,,,,,,,,,,,,,,,,,,,,,,,,,,,,,,,,,,,,,,"No","0.0","54.0","34.0","0.0","#010101","MatsBlackOS",,,,,,,,,,,,,,"No","Yes",,,,,"3.0",,,"F21066",,,,,,,"Mat"
"F4L459R2",,"Topart - Products","simple",,,,,,,,,,,,,,,,,,,,"2in. Salem Black Top Mat",,,,,,,,,,,,,,,,,,,,,"2in. Salem Black Top Mat",,,,,,,,,,"0.0",,"2in. Salem Black Top Mat",,,,,,,"1","2",,,,,,,,,,,,,,,,,,,,,,,,,,"1","1",,,,,,,,,,,,,,,,,,,,,,,,,,,,,,,,,,,,,,,,,,,,,,,,,,,,,,,,,"No","0.0","40.0","28.0","0.0","#010101","MatsBlack",,,,,,,,,,,,,,"No","Yes",,,,,"2.0",,,"F21066",,,,,,,"Mat"
"F4L459R3",,"Topart - Products","simple",,,,,,,,,,,,,,,,,,,,"3in. Salem Black Top Mat",,,,,,,,,,,,,,,,,,,,,"3in. Salem Black Top Mat",,,,,,,,,,"0.0",,"3in. Salem Black Top Mat",,,,,,,"1","2",,,,,,,,,,,,,,,,,,,,,,,,,,"1","1",,,,,,,,,,,,,,,,,,,,,,,,,,,,,,,,,,,,,,,,,,,,,,,,,,,,,,,,,"No","0.0","38.0","26.0","0.0","#010101","MatsBlack",,,,,,,,,,,,,,"No","Yes",,,,,"3.0",,,"F21066",,,,,,,"Mat"
"F4L460O3",,"Topart - Products","simple",,,,,,,,,,,,,,,,,,,,"3in. Portrait White Oversize T",,,,,,,,,,,,,,,,,,,,,"3in. Portrait White Oversize T",,,,,,,,,,"0.0",,"3in. Portrait White Oversize T",,,,,,,"1","2",,,,,,,,,,,,,,,,,,,,,,,,,,"1","1",,,,,,,,,,,,,,,,,,,,,,,,,,,,,,,,,,,,,,,,,,,,,,,,,,,,,,,,,"No","0.0","54.0","34.0","0.0","#f6f4ee","MatsWhiteOS",,,,,,,,,,,,,,"No","Yes",,,,,"3.0",,,"F21066",,,,,,,"Mat"
"F4L460R2",,"Topart - Products","simple",,,,,,,,,,,,,,,,,,,,"2in. Portrait White Top Mat",,,,,,,,,,,,,,,,,,,,,"2in. Portrait White Top Mat",,,,,,,,,,"0.0",,"2in. Portrait White Top Mat",,,,,,,"1","2",,,,,,,,,,,,,,,,,,,,,,,,,,"1","1",,,,,,,,,,,,,,,,,,,,,,,,,,,,,,,,,,,,,,,,,,,,,,,,,,,,,,,,,"No","0.0","40.0","28.0","0.0","#f6f4ee","MatsWhite",,,,,,,,,,,,,,"No","Yes",,,,,"2.0",,,"F21066",,,,,,,"Mat"
"F4L460R3",,"Topart - Products","simple",,,,,,,,,,,,,,,,,,,,"3in. Portrait White Top Mat",,,,,,,,,,,,,,,,,,,,,"3in. Portrait White Top Mat",,,,,,,,,,"0.0",,"3in. Portrait White Top Mat",,,,,,,"1","2",,,,,,,,,,,,,,,,,,,,,,,,,,"1","1",,,,,,,,,,,,,,,,,,,,,,,,,,,,,,,,,,,,,,,,,,,,,,,,,,,,,,,,,"No","0.0","38.0","26.0","0.0","#f6f4ee","MatsWhite",,,,,,,,,,,,,,"No","Yes",,,,,"3.0",,,"F21066",,,,,,,"Mat"
"F4L461R2",,"Topart - Products","simple",,,,,,,,,,,,,,,,,,,,"2in. Brilliant White Top Mat",,,,,,,,,,,,,,,,,,,,,"2in. Brilliant White Top Mat",,,,,,,,,,"0.0",,"2in. Brilliant White Top Mat",,,,,,,"1","2",,,,,,,,,,,,,,,,,,,,,,,,,,"1","1",,,,,,,,,,,,,,,,,,,,,,,,,,,,,,,,,,,,,,,,,,,,,,,,,,,,,,,,,"No","0.0","40.0","28.0","0.0","#fbf8f0","MatsWhite",,,,,,,,,,,,,,"No","Yes",,,,,"2.0",,,"F21066",,,,,,,"Mat"
"F4L461R3",,"Topart - Products","simple",,,,,,,,,,,,,,,,,,,,"3in. Brilliant White Top Mat",,,,,,,,,,,,,,,,,,,,,"3in. Brilliant White Top Mat",,,,,,,,,,"0.0",,"3in. Brilliant White Top Mat",,,,,,,"1","2",,,,,,,,,,,,,,,,,,,,,,,,,,"1","1",,,,,,,,,,,,,,,,,,,,,,,,,,,,,,,,,,,,,,,,,,,,,,,,,,,,,,,,,"No","0.0","38.0","26.0","0.0","#fbf8f0","MatsWhite",,,,,,,,,,,,,,"No","Yes",,,,,"3.0",,,"F21066",,,,,,,"Mat"
"F4L462R2",,"Topart - Products","simple",,,,,,,,,,,,,,,,,,,,"2in. Oxford Gray Top Mat",,,,,,,,,,,,,,,,,,,,,"2in. Oxford Gray Top Mat",,,,,,,,,,"0.0",,"2in. Oxford Gray Top Mat",,,,,,,"1","2",,,,,,,,,,,,,,,,,,,,,,,,,,"1","1",,,,,,,,,,,,,,,,,,,,,,,,,,,,,,,,,,,,,,,,,,,,,,,,,,,,,,,,,"No","0.0","40.0","28.0","0.0","#d2d5d0","MatsNeutral",,,,,,,,,,,,,,"No","Yes",,,,,"2.0",,,"F21066",,,,,,,"Mat"
"F4L462R3",,"Topart - Products","simple",,,,,,,,,,,,,,,,,,,,"3in. Oxford Gray Top Mat",,,,,,,,,,,,,,,,,,,,,"3in. Oxford Gray Top Mat",,,,,,,,,,"0.0",,"3in. Oxford Gray Top Mat",,,,,,,"1","2",,,,,,,,,,,,,,,,,,,,,,,,,,"1","1",,,,,,,,,,,,,,,,,,,,,,,,,,,,,,,,,,,,,,,,,,,,,,,,,,,,,,,,,"No","0.0","38.0","26.0","0.0","#d2d5d0","MatsNeutral",,,,,,,,,,,,,,"No","Yes",,,,,"3.0",,,"F21066",,,,,,,"Mat"
"F4L469R2",,"Topart - Products","simple",,,,,,,,,,,,,,,,,,,,"2in. Matte Black Top Mat",,,,,,,,,,,,,,,,,,,,,"2in. Matte Black Top Mat",,,,,,,,,,"0.0",,"2in. Matte Black Top Mat",,,,,,,"1","2",,,,,,,,,,,,,,,,,,,,,,,,,,"1","1",,,,,,,,,,,,,,,,,,,,,,,,,,,,,,,,,,,,,,,,,,,,,,,,,,,,,,,,,"No","0.0","40.0","28.0","0.0","#232323","MatsBlack",,,,,,,,,,,,,,"No","Yes",,,,,"2.0",,,"F21066",,,,,,,"Mat"
"F4L469R3",,"Topart - Products","simple",,,,,,,,,,,,,,,,,,,,"3in. Matte Black Top Mat",,,,,,,,,,,,,,,,,,,,,"3in. Matte Black Top Mat",,,,,,,,,,"0.0",,"3in. Matte Black Top Mat",,,,,,,"1","2",,,,,,,,,,,,,,,,,,,,,,,,,,"1","1",,,,,,,,,,,,,,,,,,,,,,,,,,,,,,,,,,,,,,,,,,,,,,,,,,,,,,,,,"No","0.0","38.0","26.0","0.0","#232323","MatsBlack",,,,,,,,,,,,,,"No","Yes",,,,,"3.0",,,"F21066",,,,,,,"Mat"
"F4L472R2",,"Topart - Products","simple",,,,,,,,,,,,,,,,,,,,"2in. Off-White Top Mat",,,,,,,,,,,,,,,,,,,,,"2in. Off-White Top Mat",,,,,,,,,,"0.0",,"2in. Off-White Top Mat",,,,,,,"1","2",,,,,,,,,,,,,,,,,,,,,,,,,,"1","1",,,,,,,,,,,,,,,,,,,,,,,,,,,,,,,,,,,,,,,,,,,,,,,,,,,,,,,,,"No","0.0","40.0","28.0","0.0","#f8f0db","MatsWhite",,,,,,,,,,,,,,"No","Yes",,,,,"2.0",,,"F21066",,,,,,,"Mat"
"F4L472R3",,"Topart - Products","simple",,,,,,,,,,,,,,,,,,,,"3in. Off-White Top Mat",,,,,,,,,,,,,,,,,,,,,"3in. Off-White Top Mat",,,,,,,,,,"0.0",,"3in. Off-White Top Mat",,,,,,,"1","2",,,,,,,,,,,,,,,,,,,,,,,,,,"1","1",,,,,,,,,,,,,,,,,,,,,,,,,,,,,,,,,,,,,,,,,,,,,,,,,,,,,,,,,"No","0.0","38.0","26.0","0.0","#f8f0db","MatsWhite",,,,,,,,,,,,,,"No","Yes",,,,,"3.0",,,"F21066",,,,,,,"Mat"
"F4L473R2",,"Topart - Products","simple",,,,,,,,,,,,,,,,,,,,"2in. Caribbean Top Mat",,,,,,,,,,,,,,,,,,,,,"2in. Caribbean Top Mat",,,,,,,,,,"0.0",,"2in. Caribbean Top Mat",,,,,,,"1","2",,,,,,,,,,,,,,,,,,,,,,,,,,"1","1",,,,,,,,,,,,,,,,,,,,,,,,,,,,,,,,,,,,,,,,,,,,,,,,,,,,,,,,,"No","0.0","40.0","28.0","0.0","#a9bbc8","MatsColor",,,,,,,,,,,,,,"No","Yes",,,,,"2.0",,,"F21066",,,,,,,"Mat"
"F4L473R3",,"Topart - Products","simple",,,,,,,,,,,,,,,,,,,,"3in. Caribbean Top Mat",,,,,,,,,,,,,,,,,,,,,"3in. Caribbean Top Mat",,,,,,,,,,"0.0",,"3in. Caribbean Top Mat",,,,,,,"1","2",,,,,,,,,,,,,,,,,,,,,,,,,,"1","1",,,,,,,,,,,,,,,,,,,,,,,,,,,,,,,,,,,,,,,,,,,,,,,,,,,,,,,,,"No","0.0","38.0","26.0","0.0","#a9bbc8","MatsColor",,,,,,,,,,,,,,"No","Yes",,,,,"3.0",,,"F21066",,,,,,,"Mat"
"F4L487R2",,"Topart - Products","simple",,,,,,,,,,,,,,,,,,,,"2in. Rattan Top Mat",,,,,,,,,,,,,,,,,,,,,"2in. Rattan Top Mat",,,,,,,,,,"0.0",,"2in. Rattan Top Mat",,,,,,,"1","2",,,,,,,,,,,,,,,,,,,,,,,,,,"1","1",,,,,,,,,,,,,,,,,,,,,,,,,,,,,,,,,,,,,,,,,,,,,,,,,,,,,,,,,"No","0.0","40.0","28.0","0.0","#f7e3c1","MatsNeutral",,,,,,,,,,,,,,"No","Yes",,,,,"2.0",,,"F21066",,,,,,,"Mat"
"F4L487R3",,"Topart - Products","simple",,,,,,,,,,,,,,,,,,,,"3in. Rattan Top Mat",,,,,,,,,,,,,,,,,,,,,"3in. Rattan Top Mat",,,,,,,,,,"0.0",,"3in. Rattan Top Mat",,,,,,,"1","2",,,,,,,,,,,,,,,,,,,,,,,,,,"1","1",,,,,,,,,,,,,,,,,,,,,,,,,,,,,,,,,,,,,,,,,,,,,,,,,,,,,,,,,"No","0.0","38.0","26.0","0.0","#f7e3c1","MatsNeutral",,,,,,,,,,,,,,"No","Yes",,,,,"3.0",,,"F21066",,,,,,,"Mat"
"F4L488R2",,"Topart - Products","simple",,,,,,,,,,,,,,,,,,,,"2in. Rubbed Gold Top Mat",,,,,,,,,,,,,,,,,,,,,"2in. Rubbed Gold Top Mat",,,,,,,,,,"0.0",,"2in. Rubbed Gold Top Mat",,,,,,,"1","2",,,,,,,,,,,,,,,,,,,,,,,,,,"1","1",,,,,,,,,,,,,,,,,,,,,,,,,,,,,,,,,,,,,,,,,,,,,,,,,,,,,,,,,"No","0.0","40.0","28.0","0.0","#948a4e","MatsMetallic",,,,,,,,,,,,,,"No","Yes",,,,,"2.0",,,"F21066",,,,,,,"Mat"
"F4L488R3",,"Topart - Products","simple",,,,,,,,,,,,,,,,,,,,"3in. Rubbed Gold Top Mat",,,,,,,,,,,,,,,,,,,,,"3in. Rubbed Gold Top Mat",,,,,,,,,,"0.0",,"3in. Rubbed Gold Top Mat",,,,,,,"1","2",,,,,,,,,,,,,,,,,,,,,,,,,,"1","1",,,,,,,,,,,,,,,,,,,,,,,,,,,,,,,,,,,,,,,,,,,,,,,,,,,,,,,,,"No","0.0","38.0","26.0","0.0","#948a4e","MatsMetallic",,,,,,,,,,,,,,"No","Yes",,,,,"3.0",,,"F21066",,,,,,,"Mat"
"F4L490R2",,"Topart - Products","simple",,,,,,,,,,,,,,,,,,,,"2in. Rubbed Silver Top Mat",,,,,,,,,,,,,,,,,,,,,"2in. Rubbed Silver Top Mat",,,,,,,,,,"0.0",,"2in. Rubbed Silver Top Mat",,,,,,,"1","2",,,,,,,,,,,,,,,,,,,,,,,,,,"1","1",,,,,,,,,,,,,,,,,,,,,,,,,,,,,,,,,,,,,,,,,,,,,,,,,,,,,,,,,"No","0.0","40.0","28.0","0.0","#bbb8a8","MatsMetallic",,,,,,,,,,,,,,"No","Yes",,,,,"2.0",,,"F21066",,,,,,,"Mat"
"F4L490R3",,"Topart - Products","simple",,,,,,,,,,,,,,,,,,,,"3in. Rubbed Silver Top Mat",,,,,,,,,,,,,,,,,,,,,"3in. Rubbed Silver Top Mat",,,,,,,,,,"0.0",,"3in. Rubbed Silver Top Mat",,,,,,,"1","2",,,,,,,,,,,,,,,,,,,,,,,,,,"1","1",,,,,,,,,,,,,,,,,,,,,,,,,,,,,,,,,,,,,,,,,,,,,,,,,,,,,,,,,"No","0.0","38.0","26.0","0.0","#bbb8a8","MatsMetallic",,,,,,,,,,,,,,"No","Yes",,,,,"3.0",,,"F21066",,,,,,,"Mat"
"F4L518R2",,"Topart - Products","simple",,,,,,,,,,,,,,,,,,,,"2in. Tumbleweed Top Mat",,,,,,,,,,,,,,,,,,,,,"2in. Tumbleweed Top Mat",,,,,,,,,,"0.0",,"2in. Tumbleweed Top Mat",,,,,,,"1","2",,,,,,,,,,,,,,,,,,,,,,,,,,"1","1",,,,,,,,,,,,,,,,,,,,,,,,,,,,,,,,,,,,,,,,,,,,,,,,,,,,,,,,,"No","0.0","40.0","28.0","0.0","#d5c5b3","MatsColor",,,,,,,,,,,,,,"No","Yes",,,,,"2.0",,,"F21066",,,,,,,"Mat"
"F4L518R3",,"Topart - Products","simple",,,,,,,,,,,,,,,,,,,,"3in. Tumbleweed Top Mat",,,,,,,,,,,,,,,,,,,,,"3in. Tumbleweed Top Mat",,,,,,,,,,"0.0",,"3in. Tumbleweed Top Mat",,,,,,,"1","2",,,,,,,,,,,,,,,,,,,,,,,,,,"1","1",,,,,,,,,,,,,,,,,,,,,,,,,,,,,,,,,,,,,,,,,,,,,,,,,,,,,,,,,"No","0.0","38.0","26.0","0.0","#d5c5b3","MatsColor",,,,,,,,,,,,,,"No","Yes",,,,,"3.0",,,"F21066",,,,,,,"Mat"
"F4L519O3",,"Topart - Products","simple",,,,,,,,,,,,,,,,,,,,"3in. Desert Sand Oversize Top",,,,,,,,,,,,,,,,,,,,,"3in. Desert Sand Oversize Top",,,,,,,,,,"0.0",,"3in. Desert Sand Oversize Top",,,,,,,"1","2",,,,,,,,,,,,,,,,,,,,,,,,,,"1","1",,,,,,,,,,,,,,,,,,,,,,,,,,,,,,,,,,,,,,,,,,,,,,,,,,,,,,,,,"No","0.0","54.0","34.0","0.0","#dfc498","MatsNeutralOS",,,,,,,,,,,,,,"No","Yes",,,,,"3.0",,,"F21066",,,,,,,"Mat"
"F4L520R2",,"Topart - Products","simple",,,,,,,,,,,,,,,,,,,,"2in. Artic White Top Mat",,,,,,,,,,,,,,,,,,,,,"2in. Artic White Top Mat",,,,,,,,,,"0.0",,"2in. Artic White Top Mat",,,,,,,"1","2",,,,,,,,,,,,,,,,,,,,,,,,,,"1","1",,,,,,,,,,,,,,,,,,,,,,,,,,,,,,,,,,,,,,,,,,,,,,,,,,,,,,,,,"No","0.0","40.0","28.0","0.0","#f4f0ed","MatsWhite",,,,,,,,,,,,,,"No","Yes",,,,,"2.0",,,"F21066",,,,,,,"Mat"
"F4L520R3",,"Topart - Products","simple",,,,,,,,,,,,,,,,,,,,"3in. Artic White Top Mat",,,,,,,,,,,,,,,,,,,,,"3in. Artic White Top Mat",,,,,,,,,,"0.0",,"3in. Artic White Top Mat",,,,,,,"1","2",,,,,,,,,,,,,,,,,,,,,,,,,,"1","1",,,,,,,,,,,,,,,,,,,,,,,,,,,,,,,,,,,,,,,,,,,,,,,,,,,,,,,,,"No","0.0","38.0","26.0","0.0","#f4f0ed","MatsWhite",,,,,,,,,,,,,,"No","Yes",,,,,"3.0",,,"F21066",,,,,,,"Mat"
"F4LACRYLIC",,"Topart - Products","simple",,,,,,,,,,,,,,,,,,,,"Acrylic",,,,,,,,,,,,,,,,,,,,,"Acrylic",,,,,,,,,,"0.0",,"Acrylic",,,,,,,"1","2",,,,,,,,,,,,,,,,,,,,,,,,,,"1","1",,,,,,,,,,,,,,,,,,,,,,,,,,,,,,,,,,,,,,,,,,,,,,,,,,,,,,,,,"No","0.0","63.0","44.0","0.0","#e1e1e1","Glazing",,,,,,,,,,,,,,"No","Yes",,,,,"0.0",,,"F21066",,,,,,,"Cover"
"F4LB3010",,"Topart - Products","simple",,,,,,,,,,,,,,,,,,,,"1 3/4in. Matte Black Frame",,,,,,,,,,,,,,,,,,,,,"1 3/4in. Matte Black Frame",,,,,,,,,,"0.0",,"1 3/4in. Matte Black Frame",,,,,,,"1","2",,,,,,,,,,,,,,,,,,,,,,,,,,"1","1",,,,,,,,,,,,,,,,,,,,,,,,,,,,,,,,,,,,,,,,,,,,,,,,,,,,,,,,,"No","0.0","63.0","44.0","0.0","#e1e1e1","Blacks",,,,,,,,,,,,,,"No","Yes",,,,,"1.75",,,"F21066",,,,,,,"Frame"
"F4LB7218",,"Topart - Products","simple",,,,,,,,,,,,,,,,,,,,"1 1/4in. Platinum-Silver Leaf",,,,,,,,,,,,,,,,,,,,,"1 1/4in. Platinum-Silver Leaf",,,,,,,,,,"0.0",,"1 1/4in. Platinum-Silver Leaf",,,,,,,"1","2",,,,,,,,,,,,,,,,,,,,,,,,,,"1","1",,,,,,,,,,,,,,,,,,,,,,,,,,,,,,,,,,,,,,,,,,,,,,,,,,,,,,,,,"No","0.0","32.0","32.0","0.0","#e1e1e1","Metallics",,,,,,,,,,,,,,"No","Yes",,,,,"1.25",,,"F21066",,,,,,,"Frame"
"F4LB7238",,"Topart - Products","simple",,,,,,,,,,,,,,,,,,,,"2 3/8in. Platinum-Silver Leaf",,,,,,,,,,,,,,,,,,,,,"2 3/8in. Platinum-Silver Leaf",,,,,,,,,,"0.0",,"2 3/8in. Platinum-Silver Leaf",,,,,,,"1","2",,,,,,,,,,,,,,,,,,,,,,,,,,"1","1",,,,,,,,,,,,,,,,,,,,,,,,,,,,,,,,,,,,,,,,,,,,,,,,,,,,,,,,,"No","0.0","63.0","44.0","0.0","#e1e1e1","Metallics",,,,,,,,,,,,,,"No","Yes",,,,,"2.38",,,"F21066",,,,,,,"Frame"
"F4LBR4513",,"Topart - Products","simple",,,,,,,,,,,,,,,,,,,,"2in. Augusta- Mahogany Frame",,,,,,,,,,,,,,,,,,,,,"2in. Augusta- Mahogany Frame",,,,,,,,,,"0.0",,"2in. Augusta- Mahogany Frame",,,,,,,"1","2",,,,,,,,,,,,,,,,,,,,,,,,,,"1","1",,,,,,,,,,,,,,,,,,,,,,,,,,,,,,,,,,,,,,,,,,,,,,,,,,,,,,,,,"No","0.0","63.0","44.0","0.0","#e1e1e1","Woods",,,,,,,,,,,,,,"No","Yes",,,,,"2.0",,,"F21066",,,,,,,"Frame"
"F4LBR4516",,"Topart - Products","simple",,,,,,,,,,,,,,,,,,,,"2in. Augusta- Walnut Frame",,,,,,,,,,,,,,,,,,,,,"2in. Augusta- Walnut Frame",,,,,,,,,,"0.0",,"2in. Augusta- Walnut Frame",,,,,,,"1","2",,,,,,,,,,,,,,,,,,,,,,,,,,"1","1",,,,,,,,,,,,,,,,,,,,,,,,,,,,,,,,,,,,,,,,,,,,,,,,,,,,,,,,,"No","0.0","63.0","44.0","0.0","#e1e1e1","Woods",,,,,,,,,,,,,,"No","Yes",,,,,"2.0",,,"F21066",,,,,,,"Frame"
"F4LH277",,"Topart - Products","simple",,,,,,,,,,,,,,,,,,,,"1 3/4in. Bastille- Gold Leaf F",,,,,,,,,,,,,,,,,,,,,"1 3/4in. Bastille- Gold Leaf F",,,,,,,,,,"0.0",,"1 3/4in. Bastille- Gold Leaf F",,,,,,,"1","2",,,,,,,,,,,,,,,,,,,,,,,,,,"1","1",,,,,,,,,,,,,,,,,,,,,,,,,,,,,,,,,,,,,,,,,,,,,,,,,,,,,,,,,"No","0.0","63.0","44.0","0.0","#e1e1e1","Metallics",,,,,,,,,,,,,,"No","Yes",,,,,"1.75",,,"F21066",,,,,,,"Frame"
"F4LH278",,"Topart - Products","simple",,,,,,,,,,,,,,,,,,,,"1 3/4in. Bastille- Silver Leaf",,,,,,,,,,,,,,,,,,,,,"1 3/4in. Bastille- Silver Leaf",,,,,,,,,,"0.0",,"1 3/4in. Bastille- Silver Leaf",,,,,,,"1","2",,,,,,,,,,,,,,,,,,,,,,,,,,"1","1",,,,,,,,,,,,,,,,,,,,,,,,,,,,,,,,,,,,,,,,,,,,,,,,,,,,,,,,,"No","0.0","63.0","44.0","0.0","#e1e1e1","Metallics",,,,,,,,,,,,,,"No","Yes",,,,,"1.75",,,"F21066",,,,,,,"Frame"
"F4LI205",,"Topart - Products","simple",,,,,,,,,,,,,,,,,,,,"2 5/16in. Espresso Frame",,,,,,,,,,,,,,,,,,,,,"2 5/16in. Espresso Frame",,,,,,,,,,"0.0",,"2 5/16in. Espresso Frame",,,,,,,"1","2",,,,,,,,,,,,,,,,,,,,,,,,,,"1","1",,,,,,,,,,,,,,,,,,,,,,,,,,,,,,,,,,,,,,,,,,,,,,,,,,,,,,,,,"No","0.0","63.0","44.0","0.0","#e1e1e1","Blacks",,,,,,,,,,,,,,"No","Yes",,,,,"2.31",,,"F21066",,,,,,,"Frame"
"F4LI210",,"Topart - Products","simple",,,,,,,,,,,,,,,,,,,,"2 5/16in. Ebony Frame",,,,,,,,,,,,,,,,,,,,,"2 5/16in. Ebony Frame",,,,,,,,,,"0.0",,"2 5/16in. Ebony Frame",,,,,,,"1","2",,,,,,,,,,,,,,,,,,,,,,,,,,"1","1",,,,,,,,,,,,,,,,,,,,,,,,,,,,,,,,,,,,,,,,,,,,,,,,,,,,,,,,,"No","0.0","63.0","44.0","0.0","#e1e1e1","Blacks",,,,,,,,,,,,,,"No","Yes",,,,,"2.31",,,"F21066",,,,,,,"Frame"
"F4LM2450",,"Topart - Products","simple",,,,,,,,,,,,,,,,,,,,"2in. Matte Black Frame",,,,,,,,,,,,,,,,,,,,,"2in. Matte Black Frame",,,,,,,,,,"0.0",,"2in. Matte Black Frame",,,,,,,"1","2",,,,,,,,,,,,,,,,,,,,,,,,,,"1","1",,,,,,,,,,,,,,,,,,,,,,,,,,,,,,,,,,,,,,,,,,,,,,,,,,,,,,,,,"No","0.0","63.0","44.0","0.0","#e1e1e1","Blacks",,,,,,,,,,,,,,"No","Yes",,,,,"2.0",,,"F21066",,,,,,,"Frame"
"F4LMSB02",,"Topart - Products","simple",,,,,,,,,,,,,,,,,,,,"1.5in. Stretcher Bars",,,,,,,,,,,,,,,,,,,,,"1.5in. Stretcher Bars",,,,,,,,,,"0.0",,"1.5in. Stretcher Bars",,,,,,,"1","2",,,,,,,,,,,,,,,,,,,,,,,,,,"1","1",,,,,,,,,,,,,,,,,,,,,,,,,,,,,,,,,,,,,,,,,,,,,,,,,,,,,,,,,"No","0.0","84.0","54.0","0.0","#e1e1e1","Stretcher",,,,,,,,,,,,,,"Yes","No",,,,,"0.0",,,"F21066",,,,,,,"Stretch"
"F4LN1107",,"Topart - Products","simple",,,,,,,,,,,,,,,,,,,,"1in. Gold Ornate Frame",,,,,,,,,,,,,,,,,,,,,"1in. Gold Ornate Frame",,,,,,,,,,"0.0",,"1in. Gold Ornate Frame",,,,,,,"1","2",,,,,,,,,,,,,,,,,,,,,,,,,,"1","1",,,,,,,,,,,,,,,,,,,,,,,,,,,,,,,,,,,,,,,,,,,,,,,,,,,,,,,,,"No","0.0","32.0","32.0","0.0","#e1e1e1","Metallics",,,,,,,,,,,,,,"No","Yes",,,,,"1.0",,,"F21066",,,,,,,"Frame"
"F4LN1108",,"Topart - Products","simple",,,,,,,,,,,,,,,,,,,,"1in. Silver Ornate Frame",,,,,,,,,,,,,,,,,,,,,"1in. Silver Ornate Frame",,,,,,,,,,"0.0",,"1in. Silver Ornate Frame",,,,,,,"1","2",,,,,,,,,,,,,,,,,,,,,,,,,,"1","1",,,,,,,,,,,,,,,,,,,,,,,,,,,,,,,,,,,,,,,,,,,,,,,,,,,,,,,,,"No","0.0","32.0","32.0","0.0","#e1e1e1","Metallics",,,,,,,,,,,,,,"No","Yes",,,,,"1.0",,,"F21066",,,,,,,"Frame"
"F4LN2110",,"Topart - Products","simple",,,,,,,,,,,,,,,,,,,,"1 1/4in. Matt Black Frame",,,,,,,,,,,,,,,,,,,,,"1 1/4in. Matt Black Frame",,,,,,,,,,"0.0",,"1 1/4in. Matt Black Frame",,,,,,,"1","2",,,,,,,,,,,,,,,,,,,,,,,,,,"1","1",,,,,,,,,,,,,,,,,,,,,,,,,,,,,,,,,,,,,,,,,,,,,,,,,,,,,,,,,"No","0.0","32.0","32.0","0.0","#e1e1e1","Blacks",,,,,,,,,,,,,,"No","Yes",,,,,"1.25",,,"F21066",,,,,,,"Frame"
"F4LN2111",,"Topart - Products","simple",,,,,,,,,,,,,,,,,,,,"1 1/4in. Matt White Frame",,,,,,,,,,,,,,,,,,,,,"1 1/4in. Matt White Frame",,,,,,,,,,"0.0",,"1 1/4in. Matt White Frame",,,,,,,"1","2",,,,,,,,,,,,,,,,,,,,,,,,,,"1","1",,,,,,,,,,,,,,,,,,,,,,,,,,,,,,,,,,,,,,,,,,,,,,,,,,,,,,,,,"No","0.0","32.0","32.0","0.0","#e1e1e1","Whites",,,,,,,,,,,,,,"No","Yes",,,,,"1.25",,,"F21066",,,,,,,"Frame"
"F4LP1707",,"Topart - Products","simple",,,,,,,,,,,,,,,,,,,,"Gallery Float-Gold Leaf Frame",,,,,,,,,,,,,,,,,,,,,"Gallery Float-Gold Leaf Frame",,,,,,,,,,"0.0",,"Gallery Float-Gold Leaf Frame",,,,,,,"1","2",,,,,,,,,,,,,,,,,,,,,,,,,,"1","1",,,,,,,,,,,,,,,,,,,,,,,,,,,,,,,,,,,,,,,,,,,,,,,,,,,,,,,,,"No","0.0","63.0","44.0","0.0","#e1e1e1","Canvas",,,,,,,,,,,,,,"Yes","No",,,,,"0.38",,,"F21066",,,,,,,"Frame"
"F4LP1708",,"Topart - Products","simple",,,,,,,,,,,,,,,,,,,,"Gallery Float-Silver Leaf Fram",,,,,,,,,,,,,,,,,,,,,"Gallery Float-Silver Leaf Fram",,,,,,,,,,"0.0",,"Gallery Float-Silver Leaf Fram",,,,,,,"1","2",,,,,,,,,,,,,,,,,,,,,,,,,,"1","1",,,,,,,,,,,,,,,,,,,,,,,,,,,,,,,,,,,,,,,,,,,,,,,,,,,,,,,,,"No","0.0","63.0","44.0","0.0","#e1e1e1","Canvas",,,,,,,,,,,,,,"Yes","No",,,,,"0.38",,,"F21066",,,,,,,"Frame"
"F4LP1710",,"Topart - Products","simple",,,,,,,,,,,,,,,,,,,,"Gallery Float Matte Black Fram",,,,,,,,,,,,,,,,,,,,,"Gallery Float Matte Black Fram",,,,,,,,,,"0.0",,"Gallery Float Matte Black Fram",,,,,,,"1","2",,,,,,,,,,,,,,,,,,,,,,,,,,"1","1",,,,,,,,,,,,,,,,,,,,,,,,,,,,,,,,,,,,,,,,,,,,,,,,,,,,,,,,,"No","0.0","63.0","44.0","0.0","#e1e1e1","Canvas",,,,,,,,,,,,,,"Yes","No",,,,,"0.38",,,"F21066",,,,,,,"Frame"
"F4LW2112",,"Topart - Products","simple",,,,,,,,,,,,,,,,,,,,"1 1/4in. NatureWoods- Natural",,,,,,,,,,,,,,,,,,,,,"1 1/4in. NatureWoods- Natural",,,,,,,,,,"0.0",,"1 1/4in. NatureWoods- Natural",,,,,,,"1","2",,,,,,,,,,,,,,,,,,,,,,,,,,"1","1",,,,,,,,,,,,,,,,,,,,,,,,,,,,,,,,,,,,,,,,,,,,,,,,,,,,,,,,,"Yes","0.0","32.0","32.0","0.0","#e1e1e1","Woods",,,,,,,,,,,,,,"No","Yes",,,,,"1.25",,,"F21066",,,,,,,"Frame"
"F4LW2113",,"Topart - Products","simple",,,,,,,,,,,,,,,,,,,,"1 1/4in. Nature Woods- Mahogan",,,,,,,,,,,,,,,,,,,,,"1 1/4in. Nature Woods- Mahogan",,,,,,,,,,"0.0",,"1 1/4in. Nature Woods- Mahogan",,,,,,,"1","2",,,,,,,,,,,,,,,,,,,,,,,,,,"1","1",,,,,,,,,,,,,,,,,,,,,,,,,,,,,,,,,,,,,,,,,,,,,,,,,,,,,,,,,"Yes","0.0","32.0","32.0","0.0","#e1e1e1","Woods",,,,,,,,,,,,,,"No","Yes",,,,,"1.25",,,"F21066",,,,,,,"Frame"
"F4LW2114",,"Topart - Products","simple",,,,,,,,,,,,,,,,,,,,"1 1/4in. NatureWoods- Pecan Fr",,,,,,,,,,,,,,,,,,,,,"1 1/4in. NatureWoods- Pecan Fr",,,,,,,,,,"0.0",,"1 1/4in. NatureWoods- Pecan Fr",,,,,,,"1","2",,,,,,,,,,,,,,,,,,,,,,,,,,"1","1",,,,,,,,,,,,,,,,,,,,,,,,,,,,,,,,,,,,,,,,,,,,,,,,,,,,,,,,,"Yes","0.0","32.0","32.0","0.0","#e1e1e1","Woods",,,,,,,,,,,,,,"No","Yes",,,,,"1.25",,,"F21066",,,,,,,"Frame"
"F4LW2115",,"Topart - Products","simple",,,,,,,,,,,,,,,,,,,,"1 1/4in. NatureWoods-Fruitwood",,,,,,,,,,,,,,,,,,,,,"1 1/4in. NatureWoods-Fruitwood",,,,,,,,,,"0.0",,"1 1/4in. NatureWoods-Fruitwood",,,,,,,"1","2",,,,,,,,,,,,,,,,,,,,,,,,,,"1","1",,,,,,,,,,,,,,,,,,,,,,,,,,,,,,,,,,,,,,,,,,,,,,,,,,,,,,,,,"Yes","0.0","32.0","32.0","0.0","#e1e1e1","Woods",,,,,,,,,,,,,,"No","Yes",,,,,"1.25",,,"F21066",,,,,,,"Frame"
"F4LW2116",,"Topart - Products","simple",,,,,,,,,,,,,,,,,,,,"1 1/4in. NatureWoods- Walnut F",,,,,,,,,,,,,,,,,,,,,"1 1/4in. NatureWoods- Walnut F",,,,,,,,,,"0.0",,"1 1/4in. NatureWoods- Walnut F",,,,,,,"1","2",,,,,,,,,,,,,,,,,,,,,,,,,,"1","1",,,,,,,,,,,,,,,,,,,,,,,,,,,,,,,,,,,,,,,,,,,,,,,,,,,,,,,,,"Yes","0.0","32.0","32.0","0.0","#e1e1e1","Woods",,,,,,,,,,,,,,"No","Yes",,,,,"1.25",,,"F21066",,,,,,,"Frame"
"F4LW2117",,"Topart - Products","simple",,,,,,,,,,,,,,,,,,,,"1 1/4in. NatureWoods-Charcoal",,,,,,,,,,,,,,,,,,,,,"1 1/4in. NatureWoods-Charcoal",,,,,,,,,,"0.0",,"1 1/4in. NatureWoods-Charcoal",,,,,,,"1","2",,,,,,,,,,,,,,,,,,,,,,,,,,"1","1",,,,,,,,,,,,,,,,,,,,,,,,,,,,,,,,,,,,,,,,,,,,,,,,,,,,,,,,,"Yes","0.0","32.0","32.0","0.0","#e1e1e1","Blacks",,,,,,,,,,,,,,"No","Yes",,,,,"1.25",,,"F21066",,,,,,,"Frame"
"F4LW3012",,"Topart - Products","simple",,,,,,,,,,,,,,,,,,,,"2in. NatureWoods-Natural Frame",,,,,,,,,,,,,,,,,,,,,"2in. NatureWoods-Natural Frame",,,,,,,,,,"0.0",,"2in. NatureWoods-Natural Frame",,,,,,,"1","2",,,,,,,,,,,,,,,,,,,,,,,,,,"1","1",,,,,,,,,,,,,,,,,,,,,,,,,,,,,,,,,,,,,,,,,,,,,,,,,,,,,,,,,"Yes","0.0","63.0","44.0","0.0","#e1e1e1","Woods",,,,,,,,,,,,,,"No","Yes",,,,,"2.0",,,"F21066",,,,,,,"Frame"
"F4LW3013",,"Topart - Products","simple",,,,,,,,,,,,,,,,,,,,"2in. NatureWoods- Mahogany Fra",,,,,,,,,,,,,,,,,,,,,"2in. NatureWoods- Mahogany Fra",,,,,,,,,,"0.0",,"2in. NatureWoods- Mahogany Fra",,,,,,,"1","2",,,,,,,,,,,,,,,,,,,,,,,,,,"1","1",,,,,,,,,,,,,,,,,,,,,,,,,,,,,,,,,,,,,,,,,,,,,,,,,,,,,,,,,"Yes","0.0","63.0","44.0","0.0","#e1e1e1","Woods",,,,,,,,,,,,,,"No","Yes",,,,,"2.0",,,"F21066",,,,,,,"Frame"
"F4LW3014",,"Topart - Products","simple",,,,,,,,,,,,,,,,,,,,"2in. NatureWoods-Pecan Frame",,,,,,,,,,,,,,,,,,,,,"2in. NatureWoods-Pecan Frame",,,,,,,,,,"0.0",,"2in. NatureWoods-Pecan Frame",,,,,,,"1","2",,,,,,,,,,,,,,,,,,,,,,,,,,"1","1",,,,,,,,,,,,,,,,,,,,,,,,,,,,,,,,,,,,,,,,,,,,,,,,,,,,,,,,,"Yes","0.0","63.0","44.0","0.0","#e1e1e1","Woods",,,,,,,,,,,,,,"No","Yes",,,,,"2.0",,,"F21066",,,,,,,"Frame"
"F4LW3015",,"Topart - Products","simple",,,,,,,,,,,,,,,,,,,,"2in. NatureWoods-Fruitwood Fra",,,,,,,,,,,,,,,,,,,,,"2in. NatureWoods-Fruitwood Fra",,,,,,,,,,"0.0",,"2in. NatureWoods-Fruitwood Fra",,,,,,,"1","2",,,,,,,,,,,,,,,,,,,,,,,,,,"1","1",,,,,,,,,,,,,,,,,,,,,,,,,,,,,,,,,,,,,,,,,,,,,,,,,,,,,,,,,"Yes","0.0","63.0","44.0","0.0","#e1e1e1","Woods",,,,,,,,,,,,,,"No","Yes",,,,,"2.0",,,"F21066",,,,,,,"Frame"
"F4LW3016",,"Topart - Products","simple",,,,,,,,,,,,,,,,,,,,"2in. NatureWoods-Walnut Frame",,,,,,,,,,,,,,,,,,,,,"2in. NatureWoods-Walnut Frame",,,,,,,,,,"0.0",,"2in. NatureWoods-Walnut Frame",,,,,,,"1","2",,,,,,,,,,,,,,,,,,,,,,,,,,"1","1",,,,,,,,,,,,,,,,,,,,,,,,,,,,,,,,,,,,,,,,,,,,,,,,,,,,,,,,,"Yes","0.0","63.0","44.0","0.0","#e1e1e1","Woods",,,,,,,,,,,,,,"No","Yes",,,,,"2.0",,,"F21066",,,,,,,"Frame"
"F4LW3017",,"Topart - Products","simple",,,,,,,,,,,,,,,,,,,,"2in. NatureWoods-Charcoal Fram",,,,,,,,,,,,,,,,,,,,,"2in. NatureWoods-Charcoal Fram",,,,,,,,,,"0.0",,"2in. NatureWoods-Charcoal Fram",,,,,,,"1","2",,,,,,,,,,,,,,,,,,,,,,,,,,"1","1",,,,,,,,,,,,,,,,,,,,,,,,,,,,,,,,,,,,,,,,,,,,,,,,,,,,,,,,,"Yes","0.0","63.0","44.0","0.0","#e1e1e1","Blacks",,,,,,,,,,,,,,"No","Yes",,,,,"2.0",,,"F21066",,,,,,,"Frame"
"F4LW3020",,"Topart - Products","simple",,,,,,,,,,,,,,,,,,,,"2in. NatureWoods-Brazilian Che",,,,,,,,,,,,,,,,,,,,,"2in. NatureWoods-Brazilian Che",,,,,,,,,,"0.0",,"2in. NatureWoods-Brazilian Che",,,,,,,"1","2",,,,,,,,,,,,,,,,,,,,,,,,,,"1","1",,,,,,,,,,,,,,,,,,,,,,,,,,,,,,,,,,,,,,,,,,,,,,,,,,,,,,,,,"Yes","0.0","63.0","44.0","0.0","#e1e1e1","Woods",,,,,,,,,,,,,,"No","Yes",,,,,"2.0",,,"F21066",,,,,,,"Frame"
