"7","England"
"7","Jazz"
"7","Landscape"
"7","People(figurative"
"7","San Francisco"
"7","abstract"
"7","africa"
"7","african"
"7","african cultures"
"7","airplanes"
"7","america"
"7","american"
"7","angels"
"7","animals"
"7","anonymous"
"7","antelope"
"7","architectural"
"7","architectural elements"
"7","architecture"
"7","asia"
"7","asian"
"7","asian culture"
"7","asian cultures"
"7","ballet"
"7","ballet shoes"
"7","ballroom"
"7","baseball"
"7","baskets"
"7","beaches"
"7","bears"
"7","birds"
"7","bison"
"7","blues"
"7","boats"
"7","books"
"7","branches"
"7","bridges"
"7","buildings"
"7","bull"
"7","buses"
"7","butterflies"
"7","california"
"7","candle stick"
"7","candlestick"
"7","cars"
"7","cats"
"7","caves"
"7","celestial"
"7","chess"
"7","chicago"
"7","cityscapes"
"7","classical"
"7","clocks"
"7","coastal"
"7","coat of arms"
"7","coral"
"7","cows"
"7","crabs"
"7","crests"
"7","crowns"
"7","dance"
"7","deer"
"7","desert"
"7","dinosaurs"
"7","dogs"
"7","dogss"
"7","dollars"
"7","dolphins"
"7","dragonflies"
"7","drinks"
"7","elk"
"7","entertainment"
"7","europe"
"7","european"
"7","european culture"
"7","fall"
"7","famous"
"7","figurative"
"7","fish"
"7","fishing"
"7","flags"
"7","flatware"
"7","floral"
"7","flowers"
"7","food"
"7","forest"
"7","fox"
"7","france"
"7","frogs"
"7","fruits & vegetables"
"7","furniture"
"7","garden"
"7","gardens"
"7","geometric"
"7","gold"
"7","golf"
"7","guns"
"7","hills"
"7","hillside"
"7","hobbies"
"7","horses"
"7","ice skating"
"7","instruments"
"7","interiors"
"7","irregular"
"7","italy"
"7","jazz"
"7","jellyfish"
"7","knights"
"7","lakes"
"7","landscape"
"7","leaves"
"7","leopard"
"7","lions"
"7","london"
"7","los angeles"
"7","marsh"
"7","men"
"7","military & war"
"7","models"
"7","moose"
"7","motorcycle"
"7","motorcycles"
"7","mountains"
"7","nautical"
"7","new york city"
"7","north america"
"7","nudes"
"7","numbers"
"7","ocean"
"7","octopus"
"7","palms"
"7","paris"
"7","peacock"
"7","planes"
"7","plans"
"7","plants"
"7","plates"
"7","polo"
"7","ponds"
"7","rabbit"
"7","raccoon"
"7","religion"
"7","reptiles"
"7","rivers"
"7","roads"
"7","rome"
"7","sailboats"
"7","sailing"
"7","scenic"
"7","sculptures & statues"
"7","seahorses"
"7","shells"
"7","shields"
"7","ships"
"7","shoes"
"7","south america"
"7","sports"
"7","spring"
"7","squirrel"
"7","still life"
"7","symbols"
"7","tigers"
"7","toys"
"7","trains"
"7","trees"
"7","tropical"
"7","trunks"
"7","turtles"
"7","urns"
"7","us"
"7","valley"
"7","vases"
"7","waterfall"
"7","waterfalls"
"7","whale"
"7","wolf"
"7","women"
"7","world"
