7,(People(figurative)
7,20th Century Museum Masters
7,;Abstract
7,;Landscape
7,Abstract
7,Achitecture
7,Animals
7,Architecture
7,Botanic
7,Botanical
7,Cuisine
7,Dance
7,Fashion
7,Kids
7,Landscape
7,Landscape 
7,Maps & Charts
7,Maps & charts
7,Military & War
7,Music
7,Need the rest of the new images
7,Ornamental
7,People
7,Person
7,Places
7,Pre 20th Century Museum Masters
7,Pre-20th Century Museum Masters
7,Season
7,Seasons
7,Sports
7,Sports & Recreation
7,Still Life
7,Still life
7,Transportation
7,Words & Numbers
7,World Culture
7,landscape
7,military & war
